"key","fixed_tau","objective_function","maximum_gradient_component","active_parameters","hessian_evaluated","positive_definite_hessian","hessian_status","convergence_status","kflow_job","source","final_par_sha256","plot_11_rep_sha256"
"tau-1.006738",1.006737947,89811.0673459069,7.85510586707696e-05,1997,TRUE,TRUE,"positive definite","completed; MGC <= 1e-4",22181,"Original fixed-tau Kflow output and committed public payload","2499cc3b9609cf9d1533f6640d1118fddfd40e0fff712efe312c3d18d6284336","c3823dfb2f08435296fc8f6dc8503be132c05f858152dae778f6ba5a2500d4ac"
"tau-1.2",1.2,90708.6787013523,9.92890524622046e-05,1997,TRUE,TRUE,"positive definite","completed; MGC <= 1e-4",22184,"Original fixed-tau Kflow output and committed public payload","223c7116d4425f1a8228ca55369690c7eb84075ce999bfe90d9c719d67f27040","2206a7fffd3acc20685b875896cc07b551bdcaecd2319a4912b1259ea4bf456e"
"tau-1.4",1.4,94950.7131129635,6.97423170349682e-05,1997,TRUE,TRUE,"positive definite","completed; MGC <= 1e-4",22186,"Original fixed-tau Kflow output and committed public payload","16d3f8beec7088c2a225a62a8f273d5b1550971bb976e0e95dbee3c2a7df7fbd","a1a3bac719837577076b0e0bf8c6cce0516111ed605d3b8209552cb57ce780fe"
"tau-1.6",1.6,89888.8365703403,9.27598609696853e-05,1997,TRUE,TRUE,"positive definite","completed; MGC <= 1e-4",22188,"Original fixed-tau Kflow output and committed public payload","9f33967e3a1144c09df059ec09f4f96a96d37b5603c30e865d76d3fb9704a3c7","92d033c3ccc009db164454cf1267ba4786b284289d5a1ce5bd4ac02db4ef4c8f"
"tau-1.8",1.8,95044.1727219234,9.11402054984179e-05,1997,TRUE,TRUE,"positive definite","completed; MGC <= 1e-4",22179,"Original fixed-tau Kflow output and committed public payload","0d7929f1d846e08f44fbcc0fba6da3df3c29b71c08166b3efea7b89cf37df8f1","e64ef841f3d663ceb59894aaeab971296ec93dcf0f9f1d66e42ff260ed37bf11"
"diagnostic",2,,,,,,"not included in the committed public diagnostic payload","not included in the committed public diagnostic payload",21641,"Diagnostic public time series; fit diagnostics unavailable in this payload",,
"tau-4",4,90508.0203959542,5.19711964163903e-05,1997,FALSE,,"not evaluated","completed; MGC <= 1e-4",24040,"more_tau_sens Kflow output archive","0dbe60f97816c8899f51d824d1ae60d608274a93886481fae05e4596052abf21","82f504c2a985bcc301c1cb39f97b9746e2dea8581d3b77f3c16dcc8be12c0fcb"
"tau-8",8,91283.3747115838,9.49257801049504e-05,1997,FALSE,,"not evaluated","completed; MGC <= 1e-4",24041,"more_tau_sens Kflow output archive","3f0098294dde8e5e85f55287596901443c2f8e0c88872ee63bc56e60ce39d93c","d6bdf418ced9abcca1fd82501a6b1dc86876054723cdda58afe8d12551022da8"
"tau-12",12,101754.568423874,4.39349799033474e-05,1997,FALSE,,"not evaluated","completed; MGC <= 1e-4",24042,"more_tau_sens Kflow output archive","57625f44555e68373e8982a316bda666f795b393e649862f886026b20683c212","dd395423ae273443a7d139ef1fba3e7e4cbf94ce6898db9ca81d483484c7c2c4"
"tau-16",16,97005.3559142224,8.26880669030599e-05,1997,FALSE,,"not evaluated","completed; MGC <= 1e-4",24044,"more_tau_sens Kflow output archive","9ab9133e501cf584a035db3231d7d85e7c95c1251411e2e70d113cd51c86341a","a5b704fe40dc4b27bf09d3577c71b43b740263e753b3c78c333c907f89b26487"
"tau-20",20,93197.0566840419,6.26843093023225e-05,1997,FALSE,,"not evaluated","completed; MGC <= 1e-4",24047,"more_tau_sens Kflow output archive","4c2b12672763828d2541e90b08b368d6d59e8edbf46c6289e20f636e27eac5d2","3a3c635f4a8d10e9c1a5ef12295c845eeff37c328f2b0b6998f7a8c102327351"
"tau-24",24,92704.9582150913,7.96166553347088e-05,1997,FALSE,,"not evaluated","completed; MGC <= 1e-4",24045,"more_tau_sens Kflow output archive","6f9a40bdec4857da8580fe3fed65a38d704d6da4b902b67fe2a87e6a1aba5ac3","3b48a8f77b3d37ab922e011adcc44a1f10384e7bb9bb530c4d788da8897091df"
"tau-28",28,93644.347061041,0.00580837932133212,1997,FALSE,,"not evaluated","completed; MGC above 1e-4",24043,"more_tau_sens Kflow output archive","cfde3992f2adea07f63f3dae0c82361516065d78cc510fdbd1e62cccd3022023","95246b2b83fed58342334358ae71fc16cc9501f1f1643fd25197ac178a340dc0"
"tau-32",32,93847.3739161841,6.73164422062113e-05,1997,FALSE,,"not evaluated","completed; MGC <= 1e-4",24046,"more_tau_sens Kflow output archive","cf6b9c59fb99bd59e00860a8edd54fda49ccb318176dc25d63ef46f09f9a465b","b2c00f42245cd147a82f54141d3986fab1d8eb4a317a59e0feac4c8098872de4"
