"year","depletion","spawning_potential","spawning_potential_nofish","recruitment","fishing_mortality","key"
1952,0.997164377097782,2800.0625,2808.025,202.532487,0.00503152419785639,"tau-1.006738"
1953,0.987915371151528,2846.1175,2880.9325,166.025231,0.00478210649147782,"tau-1.006738"
1954,0.981882783577062,2882.285,2935.4675,221.668041,0.00330328349688867,"tau-1.006738"
1955,0.977029231035726,2918.8675,2987.4925,203.491186,0.00519800378277844,"tau-1.006738"
1956,0.970485964432738,2929.145,3018.225,117.369473,0.00666878287123432,"tau-1.006738"
1957,0.963349620240917,2987.01,3100.65,81.556174,0.0101752678640612,"tau-1.006738"
1958,0.950813276242872,2893.9975,3043.7075,213.495905,0.0133888355789306,"tau-1.006738"
1959,0.934408495715377,2643.18,2828.72,88.284871,0.00960503134046492,"tau-1.006738"
1960,0.921399251817719,2380.5225,2583.595,138.896386,0.0103239721760809,"tau-1.006738"
1961,0.915245711735814,2297.1775,2509.9025,85.152302,0.0102170782830816,"tau-1.006738"
1962,0.908720100590372,2169.935,2387.9025,127.16015,0.00894497140714309,"tau-1.006738"
1963,0.901612383386976,2042.125,2264.97,93.647547,0.0123232539417139,"tau-1.006738"
1964,0.892804780247798,1895.3375,2122.9025,101.140581,0.00836053751537663,"tau-1.006738"
1965,0.892431610828922,1795.1775,2011.5575,74.9634758,0.00993444618392893,"tau-1.006738"
1966,0.892132764060668,1721.2475,1929.3625,162.022924,0.0092230910351438,"tau-1.006738"
1967,0.887234693052149,1617.8525,1823.4775,44.949538,0.0131263948814434,"tau-1.006738"
1968,0.883687147582067,1516.2525,1715.825,91.6269173,0.00991821686194367,"tau-1.006738"
1969,0.884272952927362,1487.325,1681.975,121.9900985,0.0112394388544632,"tau-1.006738"
1970,0.88077418795828,1423.1175,1615.7575,89.6473738,0.0209224510735216,"tau-1.006738"
1971,0.878598065912303,1375.3025,1565.3375,70.299058,0.0218215584754053,"tau-1.006738"
1972,0.875341845397069,1367.54,1562.2925,80.27744,0.0295943836722998,"tau-1.006738"
1973,0.863213840103804,1298.9275,1504.7575,117.676983,0.0183800899372887,"tau-1.006738"
1974,0.855095860671889,1236.785,1446.37,54.956448,0.0315339360656728,"tau-1.006738"
1975,0.84691859008391,1208.4025,1426.8225,174.383059,0.0251707757880488,"tau-1.006738"
1976,0.831921951289408,1161.1925,1395.795,80.17223,0.0296536578370272,"tau-1.006738"
1977,0.82034200282743,1164.9,1420.0175,123.516068,0.037576715117458,"tau-1.006738"
1978,0.815814308071547,1214.5925,1488.81,20.69218,0.0300243776544209,"tau-1.006738"
1979,0.806607976382037,1213.09,1503.94,90.158268,0.037330295141517,"tau-1.006738"
1980,0.791488737789344,1187.615,1500.4825,90.133404,0.0327553278461912,"tau-1.006738"
1981,0.778065604649817,1109.08,1425.4325,122.926022,0.0517765038716405,"tau-1.006738"
1982,0.770960730328938,1064.08,1380.2,136.565526,0.060708171839411,"tau-1.006738"
1983,0.765229234819216,1066.0925,1393.1675,97.511941,0.0742750925863599,"tau-1.006738"
1984,0.75963413415194,1120.975,1475.6775,104.638727,0.0825927888240791,"tau-1.006738"
1985,0.743235330077283,1155.01,1554.03,133.7554926,0.0830331243520956,"tau-1.006738"
1986,0.723960096310442,1133.555,1565.77,82.31443,0.0874289490347333,"tau-1.006738"
1987,0.708959004091593,1130.1675,1594.1225,177.5068608,0.0953615734572434,"tau-1.006738"
1988,0.692897531583768,1144.225,1651.3625,153.981101,0.0845854365912735,"tau-1.006738"
1989,0.680634960524387,1137.535,1671.285,126.671716,0.0770400851558916,"tau-1.006738"
1990,0.674228067985283,1201.675,1782.2975,117.275876,0.105753789134916,"tau-1.006738"
1991,0.667603530572518,1251.79,1875.05,128.976502,0.119702818122455,"tau-1.006738"
1992,0.65606453921473,1260.505,1921.3125,145.085296,0.14139057916149,"tau-1.006738"
1993,0.636164836931587,1216.74,1912.6175,91.791736,0.108144296564758,"tau-1.006738"
1994,0.616420517459179,1185.765,1923.63,162.578729,0.102936561169872,"tau-1.006738"
1995,0.596162652552878,1155.3975,1938.0575,74.829971,0.104683259494313,"tau-1.006738"
1996,0.588674426728384,1124.87,1910.8525,195.441997,0.115596083614108,"tau-1.006738"
1997,0.598909183578078,1169.195,1952.2075,71.65445,0.16134363110568,"tau-1.006738"
1998,0.588343977387391,1173.43,1994.4625,160.007045,0.165974232770386,"tau-1.006738"
1999,0.570595424616239,1150.8225,2016.88,145.025912,0.225352767512254,"tau-1.006738"
2000,0.544087178127284,1092.5665,2008.0725,172.276898,0.193370480771743,"tau-1.006738"
2001,0.522329329087626,1038.33325,1987.89,91.842389,0.165172794805918,"tau-1.006738"
2002,0.508773104592565,1029.524,2023.5425,148.559476,0.151744092004773,"tau-1.006738"
2003,0.49391094032171,1031.77625,2088.9925,103.389401,0.178590017406177,"tau-1.006738"
2004,0.482392012387207,1016.406,2107.0125,173.704581,0.209111536480531,"tau-1.006738"
2005,0.463481478999801,968.39125,2089.385,96.502029,0.19523111863044,"tau-1.006738"
2006,0.453476036718503,943.42175,2080.4225,107.941789,0.209023468150189,"tau-1.006738"
2007,0.443104894270631,928.554,2095.5625,132.644609,0.240726925613899,"tau-1.006738"
2008,0.429594036950789,884.10775,2058.0075,114.463767,0.317834578199074,"tau-1.006738"
2009,0.413747692245946,824.715,1993.28,136.26543,0.234753399389634,"tau-1.006738"
2010,0.3949907647974,773.07,1957.185,98.295368,0.190112512429361,"tau-1.006738"
2011,0.387654422232445,756.3225,1951.0225,107.901691,0.247929928860522,"tau-1.006738"
2012,0.378450097424798,736.1195,1945.09,172.012911,0.227620514430564,"tau-1.006738"
2013,0.369058620835002,700.4585,1897.96,149.502821,0.221345889697734,"tau-1.006738"
2014,0.372402854773004,709.38275,1904.88,90.167403,0.266809133948396,"tau-1.006738"
2015,0.380772908807683,756.53675,1986.845,118.965026,0.217261233372252,"tau-1.006738"
2016,0.381551191461684,774.33525,2029.44,121.221155,0.300600659832115,"tau-1.006738"
2017,0.377811339830802,754.851,1997.9575,122.202057,0.201785938409234,"tau-1.006738"
2018,0.375111596627528,736.5485,1963.545,99.913474,0.235673865134209,"tau-1.006738"
2019,0.371399578176609,723.29975,1947.4975,103.275248,0.162803203023199,"tau-1.006738"
2020,0.371215873814482,715.6875,1927.955,102.767389,0.276126957632817,"tau-1.006738"
2021,0.376393797531595,711.95075,1891.505,105.213696,0.265209654498484,"tau-1.006738"
2022,0.37644449007825,696.603,1850.48,83.850915,0.37375446046031,"tau-1.006738"
2023,0.367286129699051,655.2155,1783.9375,128.992599,0.352172354817362,"tau-1.006738"
2024,0.348297835911411,605.191,1737.5675,119.725448,0.239528436006197,"tau-1.006738"
1952,0.996268974564288,2192.925,2201.1375,138.780631,0.00687903747761519,"tau-1.2"
1953,0.984142643055395,2219.655,2255.42,142.942943,0.0061576642434127,"tau-1.2"
1954,0.97638647944469,2242.8525,2297.095,164.365102,0.00492468705346356,"tau-1.2"
1955,0.97053270133337,2288.635,2358.1225,130.113228,0.00714624927199878,"tau-1.2"
1956,0.962048930176403,2294.91,2385.44,78.6276577,0.00911101225165546,"tau-1.2"
1957,0.953205043402159,2341.715,2456.675,56.9111138,0.0134797634772756,"tau-1.2"
1958,0.937538780158187,2270.2525,2421.5025,117.113007,0.0187657206335608,"tau-1.2"
1959,0.916939220193665,2066.2125,2253.38,95.24167,0.0120936324560527,"tau-1.2"
1960,0.900243436283807,1849.9575,2054.9525,75.9859369,0.0154133900815535,"tau-1.2"
1961,0.892936345431508,1784.7275,1998.7175,82.9645843,0.013001936772072,"tau-1.2"
1962,0.885276630526618,1689.5925,1908.5475,83.859747,0.012571214568306,"tau-1.2"
1963,0.876927358293014,1591.325,1814.66,73.285579,0.0162351056643834,"tau-1.2"
1964,0.866424595664711,1477.62,1705.4225,76.7389325,0.0109791945379953,"tau-1.2"
1965,0.866867087098268,1408.5875,1624.9175,55.707145,0.0130413079294388,"tau-1.2"
1966,0.867639406298884,1363.055,1570.9925,104.420534,0.012872970637365,"tau-1.2"
1967,0.862174907595608,1285.27,1490.73,43.463979,0.0168553910374941,"tau-1.2"
1968,0.85809833759091,1207.5975,1407.295,65.807721,0.0132076494907851,"tau-1.2"
1969,0.858873119680153,1186.8875,1381.9125,75.5005421,0.0156107653776859,"tau-1.2"
1970,0.854501940199735,1136.2825,1329.76,78.1326389,0.0248797704900219,"tau-1.2"
1971,0.851179863864105,1094.4875,1285.8475,44.7145499,0.0286679854807674,"tau-1.2"
1972,0.846936804207199,1085.0425,1281.1375,56.503402,0.0399527363734804,"tau-1.2"
1973,0.831629629028198,1024.26,1231.63,88.049618,0.023349591547227,"tau-1.2"
1974,0.82112425309861,970.885,1182.385,37.3684009,0.0416833468572434,"tau-1.2"
1975,0.810725707679207,944.915,1165.5175,129.344105,0.0337484232859629,"tau-1.2"
1976,0.792220481756142,904.0325,1141.1375,43.157539,0.0404072065021044,"tau-1.2"
1977,0.778257417134889,904.1425,1161.7525,99.564343,0.0488361933535745,"tau-1.2"
1978,0.772769889481793,941.68,1218.5775,13.812295,0.0390967139734767,"tau-1.2"
1979,0.76050949707931,933.8125,1227.8775,49.327631,0.0512028585164819,"tau-1.2"
1980,0.741986181840448,908.8125,1224.8375,76.95085,0.0437292052921017,"tau-1.2"
1981,0.725205783917195,841.8225,1160.805,91.707064,0.0667393512584561,"tau-1.2"
1982,0.715784880744075,803.83,1123.005,98.0550705,0.0809264463309243,"tau-1.2"
1983,0.708728967237798,806.08175,1137.3625,77.604624,0.0967408339990542,"tau-1.2"
1984,0.702722593173624,852.2075,1212.7225,68.938889,0.111037603810224,"tau-1.2"
1985,0.684077111637699,879.7625,1286.0575,102.1888476,0.105724566828988,"tau-1.2"
1986,0.66150047425032,861.31,1302.055,66.812183,0.115472046835633,"tau-1.2"
1987,0.645096538424019,859.675,1332.63,123.0388894,0.123809725044507,"tau-1.2"
1988,0.626565831136229,869.19875,1387.2425,111.40042,0.110629425174783,"tau-1.2"
1989,0.613440903118034,864.81825,1409.7825,102.69385,0.0993509587414163,"tau-1.2"
1990,0.608353898634994,918.8775,1510.4325,95.072609,0.13400901417241,"tau-1.2"
1991,0.601363019806333,957.6225,1592.42,69.8691379,0.158574367065622,"tau-1.2"
1992,0.587538167822155,960.1725,1634.23,128.253283,0.176196039187056,"tau-1.2"
1993,0.564027432569272,919.0545,1629.45,61.262788,0.141389142184677,"tau-1.2"
1994,0.542877683392749,891.99825,1643.0925,133.38449,0.140147410402011,"tau-1.2"
1995,0.520779923466581,863.845,1658.7525,53.570777,0.135387415923983,"tau-1.2"
1996,0.51257596321974,838.4,1635.66,143.979772,0.153960004658073,"tau-1.2"
1997,0.524640253053566,876.565,1670.7925,55.647122,0.207065303393391,"tau-1.2"
1998,0.511931640516554,875.892,1710.955,133.024436,0.208451703613162,"tau-1.2"
1999,0.491157595889868,852.0295,1734.7375,86.604902,0.305664566514637,"tau-1.2"
2000,0.462582050905404,803.02625,1735.965,153.962262,0.251572276622884,"tau-1.2"
2001,0.439584048232335,759.0045,1726.6425,64.779814,0.217207220112764,"tau-1.2"
2002,0.425140813146338,750.26725,1764.75,122.555512,0.194986768855509,"tau-1.2"
2003,0.409467711222505,748.854,1828.8475,76.091074,0.238614896557771,"tau-1.2"
2004,0.398037551885161,736.465,1850.24,138.249508,0.273822535423031,"tau-1.2"
2005,0.377089038953692,693.265,1838.465,73.45237,0.259729297960631,"tau-1.2"
2006,0.367254958485517,675.20375,1838.515,92.612764,0.257194926253197,"tau-1.2"
2007,0.356952242178736,662.64525,1856.3975,104.097319,0.306172365322621,"tau-1.2"
2008,0.343982746088482,630.59175,1833.2075,90.620678,0.414182166176675,"tau-1.2"
2009,0.328797088771476,587.29325,1786.1875,109.845128,0.302137918758886,"tau-1.2"
2010,0.311119315307093,548.81525,1764.0025,77.881046,0.236745483211285,"tau-1.2"
2011,0.305185977747122,539.80075,1768.76,83.32679,0.326773689285923,"tau-1.2"
2012,0.29713028930256,525.69925,1769.255,133.233025,0.292220140645569,"tau-1.2"
2013,0.288592554273692,499.29975,1730.12,120.60042,0.276142680576867,"tau-1.2"
2014,0.292528900737744,509.129,1740.44,70.470197,0.333553501610754,"tau-1.2"
2015,0.300580463737205,545.4025,1814.4975,95.446107,0.271467442565619,"tau-1.2"
2016,0.30179711834853,559.052,1852.41,98.747256,0.375380965467152,"tau-1.2"
2017,0.29893687443551,545.2915,1824.1025,97.847338,0.256863175486361,"tau-1.2"
2018,0.297907705320327,535.361,1797.07,76.388696,0.299431839206458,"tau-1.2"
2019,0.295477531824958,527.7635,1786.1375,82.654911,0.208851825835243,"tau-1.2"
2020,0.295853258497126,523.5545,1769.6425,90.053984,0.347468133731511,"tau-1.2"
2021,0.301201976808409,522.1645,1733.6025,81.475518,0.334803350675875,"tau-1.2"
2022,0.301348272966451,512.27775,1699.9525,69.399095,0.462065305106607,"tau-1.2"
2023,0.292359948564913,482.008,1648.68,95.347493,0.445760731398496,"tau-1.2"
2024,0.27151250991834,437.14125,1610.0225,89.869268,0.318893496479307,"tau-1.2"
1952,0.993607495735155,1434.26,1443.4875,91.12022,0.0102483125733505,"tau-1.4"
1953,0.973683320652633,1439.7125,1478.625,91.092938,0.010014586657094,"tau-1.4"
1954,0.961557831123048,1446.32,1504.1425,101.312095,0.00780236490162719,"tau-1.4"
1955,0.951439739135153,1446.5,1520.3275,100.2081557,0.010282947052824,"tau-1.4"
1956,0.938159744512795,1443.1125,1538.2375,59.704927,0.0134666802082745,"tau-1.4"
1957,0.925947661648482,1487.065,1605.9925,45.977949,0.0192774513729794,"tau-1.4"
1958,0.903998649199201,1458.925,1613.8575,94.548768,0.025925039804695,"tau-1.4"
1959,0.875447762412448,1340.5075,1531.225,50.062988,0.018339522955007,"tau-1.4"
1960,0.852717196494212,1213.2375,1422.79,57.1854932,0.0221939252469729,"tau-1.4"
1961,0.84237811009596,1172.7925,1392.24,59.8944021,0.0185739269382039,"tau-1.4"
1962,0.831236415551345,1103.3375,1327.345,62.723758,0.0177656442094004,"tau-1.4"
1963,0.820809487610727,1041.9725,1269.445,67.172585,0.0213864943933115,"tau-1.4"
1964,0.807810146959547,972.25,1203.5625,52.2016618,0.0151245343606352,"tau-1.4"
1965,0.811671252768308,944.6575,1163.8425,43.9160061,0.0173964731815829,"tau-1.4"
1966,0.816126897600031,934.2225,1144.7025,84.18492,0.0168608135561314,"tau-1.4"
1967,0.811281125390698,894.19,1102.195,36.272813,0.0212020481890919,"tau-1.4"
1968,0.807863119782046,851.7725,1054.3525,54.318645,0.0172212666001221,"tau-1.4"
1969,0.811430732131901,853.0125,1051.245,58.5847233,0.020465978281785,"tau-1.4"
1970,0.807030048300659,823.7275,1020.69,56.5421852,0.0311494776674071,"tau-1.4"
1971,0.803606139652932,797.8925,992.89,38.3042133,0.0359994086878394,"tau-1.4"
1972,0.79911855265541,794.18,993.82,42.319714,0.0485012815390231,"tau-1.4"
1973,0.779666234481103,747.16,958.3075,65.688792,0.0305515446085982,"tau-1.4"
1974,0.767259784546019,707.0625,921.5425,29.3395925,0.048562431352426,"tau-1.4"
1975,0.753821853046437,682.45,905.32,95.114582,0.0431447586026056,"tau-1.4"
1976,0.729130036319202,644.427,883.83,31.958962,0.0526882038220729,"tau-1.4"
1977,0.709996196506379,634.67625,893.915,75.3024697,0.0651477680478792,"tau-1.4"
1978,0.701943390297551,653.40225,930.8475,9.8825026,0.0524877470343923,"tau-1.4"
1979,0.685398150701989,639.886,933.5975,38.7803857,0.0680609253692355,"tau-1.4"
1980,0.660816098228668,614.33925,929.6675,58.539859,0.0572740647639763,"tau-1.4"
1981,0.638598521922919,562.741,881.2125,71.968135,0.0863164164256801,"tau-1.4"
1982,0.626584232666596,534.73325,853.41,75.3394149,0.104395745815759,"tau-1.4"
1983,0.618078128468828,535.934,867.0975,63.49267,0.125452181305803,"tau-1.4"
1984,0.612577374427752,570.02775,930.54,60.5277867,0.142857598734248,"tau-1.4"
1985,0.591481263902069,589,995.805,73.5502163,0.133129218960995,"tau-1.4"
1986,0.565632382626975,575.82225,1018.015,56.854296,0.149320268691452,"tau-1.4"
1987,0.54861397649144,575.71825,1049.405,93.4828219,0.16139677503402,"tau-1.4"
1988,0.528183707048202,580.23225,1098.5425,88.572378,0.142638439668652,"tau-1.4"
1989,0.513439603621314,577.19725,1124.1775,78.902473,0.128033108406264,"tau-1.4"
1990,0.506952175890071,610.3945,1204.0475,73.498569,0.175435640112899,"tau-1.4"
1991,0.496855856389597,628.98225,1265.925,81.07235,0.201218626613851,"tau-1.4"
1992,0.47972282161197,621.94025,1296.4575,86.245867,0.240792613054085,"tau-1.4"
1993,0.451538651528425,585.02025,1295.615,53.444692,0.188503065744771,"tau-1.4"
1994,0.426991792504187,562.77625,1318.0025,104.162974,0.18944788272531,"tau-1.4"
1995,0.400076279938001,533.66275,1333.9025,37.934235,0.178804469297359,"tau-1.4"
1996,0.391231810650888,516.54825,1320.3125,116.589768,0.19685280233426,"tau-1.4"
1997,0.405907569996159,546.80925,1347.1275,45.410123,0.280477617295308,"tau-1.4"
1998,0.390710440944597,538.95575,1379.425,114.035476,0.265486231891094,"tau-1.4"
1999,0.366233323456226,512.92625,1400.545,74.802166,0.410812418539001,"tau-1.4"
2000,0.335197180432171,473.62775,1412.9825,121.855915,0.325826859692938,"tau-1.4"
2001,0.311526445205998,442.47425,1420.3425,55.289113,0.279668475710528,"tau-1.4"
2002,0.296532467821939,432.37325,1458.0975,98.496626,0.251302996502401,"tau-1.4"
2003,0.280545795982702,425.3965,1516.3175,67.666773,0.304786101231196,"tau-1.4"
2004,0.270964508500637,417.6525,1541.355,113.859161,0.342734121959634,"tau-1.4"
2005,0.248504278713704,382.23375,1538.1375,68.627296,0.3339278950773,"tau-1.4"
2006,0.242029690411132,374.452,1547.1325,80.019202,0.330836278744308,"tau-1.4"
2007,0.235137425819262,370.37025,1575.1225,86.352854,0.383492606236901,"tau-1.4"
2008,0.225389990778934,355.03375,1575.1975,84.584713,0.503440163852877,"tau-1.4"
2009,0.212867826960438,329.52525,1548.0275,92.944566,0.369377513666595,"tau-1.4"
2010,0.197711121096456,304.702,1541.1475,68.623043,0.28508953869969,"tau-1.4"
2011,0.1952394242398,304.307,1558.635,73.631916,0.411915591123456,"tau-1.4"
2012,0.189277992290323,296.327,1565.565,109.07812,0.359488072235369,"tau-1.4"
2013,0.181823635077908,279.61975,1537.8625,105.167694,0.335689703873866,"tau-1.4"
2014,0.185586092939646,287.52575,1549.285,61.568484,0.409983654660008,"tau-1.4"
2015,0.191921948069888,309.133,1610.7225,83.584553,0.330972143923338,"tau-1.4"
2016,0.193510042480109,318.30225,1644.8875,84.066795,0.458212043887567,"tau-1.4"
2017,0.191786612767308,311.227,1622.7775,88.315246,0.314700825955301,"tau-1.4"
2018,0.192562772223496,308.70075,1603.1175,66.803488,0.365010072857742,"tau-1.4"
2019,0.192118810455019,306.76475,1596.745,72.782983,0.256639375975465,"tau-1.4"
2020,0.195448478208857,310.423,1588.26,83.713498,0.416114051402717,"tau-1.4"
2021,0.20225541042387,315.8825,1561.8,74.504705,0.412953721924924,"tau-1.4"
2022,0.205074166770883,315.664,1539.2675,58.676037,0.568230081614018,"tau-1.4"
2023,0.198822099778603,298.596,1501.825,83.347619,0.525557030914225,"tau-1.4"
2024,0.176534660533804,259.641,1470.765,71.972094,0.409434399181975,"tau-1.4"
1952,0.993773505273896,1453.9925,1463.1025,105.45038,0.00932894248109545,"tau-1.6"
1953,0.974344406104159,1461.9575,1500.4525,86.29408,0.00891680774132084,"tau-1.6"
1954,0.962527971524661,1471.07,1528.34,123.008317,0.00612096714416943,"tau-1.6"
1955,0.952899040410866,1480.605,1553.79,124.507521,0.00931613943899359,"tau-1.6"
1956,0.940284015820611,1481.6925,1575.7925,71.7942038,0.0122689799908928,"tau-1.6"
1957,0.928223056867285,1527.3075,1645.41,52.2250286,0.0180814981569889,"tau-1.6"
1958,0.90654906571794,1495.7425,1649.93,128.48122,0.0230010326769738,"tau-1.6"
1959,0.878316239685074,1373.8425,1564.1775,40.938245,0.0177061566295489,"tau-1.6"
1960,0.855793389154581,1244.1075,1453.7475,89.9592035,0.0175711040989696,"tau-1.6"
1961,0.846015640215391,1205.4475,1424.8525,49.0770016,0.017715920502995,"tau-1.6"
1962,0.835586668673438,1138.115,1362.055,82.380821,0.0150727057090678,"tau-1.6"
1963,0.825625180667306,1078.2025,1305.9225,74.517093,0.0193009692644991,"tau-1.6"
1964,0.813021753333172,1007.9925,1239.81,58.1822565,0.0138918668055502,"tau-1.6"
1965,0.816470853290165,978.475,1198.42,50.4104886,0.0159064796573165,"tau-1.6"
1966,0.820376200855736,965.39,1176.765,108.879763,0.0144144705484398,"tau-1.6"
1967,0.815410983108347,922.98,1131.92,32.463378,0.0197828210900709,"tau-1.6"
1968,0.812015844256688,878.4225,1081.78,62.5069282,0.0156340376677848,"tau-1.6"
1969,0.815602245180787,879.835,1078.755,76.8454484,0.0177981804057583,"tau-1.6"
1970,0.81146180790178,849.635,1047.0425,55.381883,0.0304128021733491,"tau-1.6"
1971,0.808641128301129,825.0525,1020.295,48.513793,0.0326336285045967,"tau-1.6"
1972,0.804001195264011,820.64,1020.695,52.12282,0.0421889872747962,"tau-1.6"
1973,0.784930391183732,771.0175,982.275,68.915714,0.0280815315808639,"tau-1.6"
1974,0.773109110000955,728.895,942.81,38.442495,0.0439734229810202,"tau-1.6"
1975,0.760209568379925,703.3725,925.235,103.495777,0.0376050076066532,"tau-1.6"
1976,0.73598687637859,664,902.19,46.553285,0.0467933581723434,"tau-1.6"
1977,0.717018383403292,652.52975,910.06,80.0583106,0.0590769662060188,"tau-1.6"
1978,0.709027282005722,670.38175,945.495,13.0874012,0.0485466198144297,"tau-1.6"
1979,0.693784084262884,658.356,948.935,57.453241,0.0596015974690874,"tau-1.6"
1980,0.669797154934716,633.40875,945.6725,59.471153,0.0511389627116845,"tau-1.6"
1981,0.648709731217167,583.46575,899.425,81.383687,0.0793636002364215,"tau-1.6"
1982,0.638158893468566,556.99625,872.8175,87.46649,0.0925313873409216,"tau-1.6"
1983,0.630268005612506,558.1165,885.5225,69.838885,0.115618682620166,"tau-1.6"
1984,0.62513173831243,592.267,947.4275,76.1395587,0.12938619847724,"tau-1.6"
1985,0.604595963843798,611.01375,1010.615,81.7688708,0.123236228361808,"tau-1.6"
1986,0.579075682772855,597.609,1032.005,61.401055,0.134562810357209,"tau-1.6"
1987,0.560915881244109,595.13175,1061,116.2752807,0.142549456839851,"tau-1.6"
1988,0.540250029921391,598.09325,1107.0675,102.678477,0.132587193140146,"tau-1.6"
1989,0.525296923945408,593.21125,1129.2875,78.18439,0.122159865289412,"tau-1.6"
1990,0.517268114454446,623.63525,1205.6325,79.419672,0.161810786993763,"tau-1.6"
1991,0.505909857473028,639.72175,1264.4975,97.970673,0.183538576464071,"tau-1.6"
1992,0.488510138625047,631.31875,1292.335,92.867254,0.214998853467528,"tau-1.6"
1993,0.461108475357424,595.2945,1291.0075,67.701994,0.174350496605954,"tau-1.6"
1994,0.437225122215514,573.964,1312.7425,110.893106,0.162784510265079,"tau-1.6"
1995,0.410233403651131,544.992,1328.4925,49.138055,0.159909769834924,"tau-1.6"
1996,0.401359833827623,528.4725,1316.705,130.452674,0.174747108822076,"tau-1.6"
1997,0.416008224490706,559.93875,1345.98,51.306473,0.25789826869287,"tau-1.6"
1998,0.400634928711353,551.1715,1375.745,121.264779,0.239573723285952,"tau-1.6"
1999,0.376742397349426,525.33525,1394.415,104.993691,0.364355747345244,"tau-1.6"
2000,0.345699141289741,484.907,1402.685,118.346584,0.296406151731286,"tau-1.6"
2001,0.322592133622603,454.2565,1408.145,70.78342,0.252079727509331,"tau-1.6"
2002,0.307630433766193,444.12375,1443.6925,100.537799,0.229313264897219,"tau-1.6"
2003,0.290467541305153,435.38325,1498.905,81.297091,0.269374465745512,"tau-1.6"
2004,0.279606188004992,425.6445,1522.3,124.031116,0.299063297212648,"tau-1.6"
2005,0.256974306830671,390.46475,1519.47,80.004795,0.28988044972711,"tau-1.6"
2006,0.24986348469652,381.15925,1525.47,84.748048,0.300720908717368,"tau-1.6"
2007,0.242909181170236,376.7655,1551.055,96.586527,0.338766703269255,"tau-1.6"
2008,0.233161001569392,361.0195,1548.37,97.341519,0.444306799485058,"tau-1.6"
2009,0.220766390219313,336.13725,1522.5925,100.93155,0.333191082456284,"tau-1.6"
2010,0.206174434763355,311.93625,1512.9725,76.380002,0.263109455822116,"tau-1.6"
2011,0.20350500446023,310.831,1527.3875,83.714005,0.371100948119636,"tau-1.6"
2012,0.196600476050735,301.477,1533.45,123.879605,0.321053692621389,"tau-1.6"
2013,0.188322237415038,283.71875,1506.56,116.735815,0.308702870143713,"tau-1.6"
2014,0.192010982940163,291.08625,1515.9875,70.257323,0.381393708943947,"tau-1.6"
2015,0.198825277230768,313.49875,1576.755,94.406853,0.305746087237089,"tau-1.6"
2016,0.200711147874147,323.93575,1613.94,92.076108,0.425228721923868,"tau-1.6"
2017,0.19910666610295,317.88325,1596.5475,99.600778,0.28468887841599,"tau-1.6"
2018,0.199214330161837,314.541,1578.9075,78.601613,0.336335673297436,"tau-1.6"
2019,0.198073700244544,311.43425,1572.315,79.003523,0.240199852027379,"tau-1.6"
2020,0.20110857551961,314.61325,1564.395,91.965451,0.379907504642139,"tau-1.6"
2021,0.208007456947324,320.50725,1540.845,83.572224,0.378116649576584,"tau-1.6"
2022,0.210789955015077,319.80525,1517.175,65.347402,0.516971410816796,"tau-1.6"
2023,0.204498986828774,302.76075,1480.5,97.394036,0.481719382072679,"tau-1.6"
2024,0.183132839908402,265.30775,1448.7175,82.020346,0.372204580864571,"tau-1.6"
1952,0.993042520428464,1325.25,1334.535,86.69278,0.0106960129022344,"tau-1.8"
1953,0.971470873165293,1328.705,1367.725,68.600903,0.0103266118616466,"tau-1.8"
1954,0.958503437999318,1334.74,1392.525,102.316865,0.00697815531431991,"tau-1.8"
1955,0.947785174096605,1339.0925,1412.865,107.7183146,0.010379479798526,"tau-1.8"
1956,0.933770240899021,1336.1225,1430.89,58.3913825,0.0139773707312724,"tau-1.8"
1957,0.920750076441231,1377.67,1496.2475,44.4038762,0.0202684904808512,"tau-1.8"
1958,0.897267870415481,1349.04,1503.4975,97.521691,0.026424904839656,"tau-1.8"
1959,0.86690864670273,1238.3725,1428.4925,40.525458,0.019615228398877,"tau-1.8"
1960,0.842506417429079,1120.0175,1329.3875,63.5004032,0.0219658043679594,"tau-1.8"
1961,0.831148770822914,1080.2025,1299.65,49.4365686,0.0198327376507399,"tau-1.8"
1962,0.819195996125282,1014.82,1238.8,63.195957,0.0180728315432223,"tau-1.8"
1963,0.808151864578283,958.4075,1185.925,65.713145,0.0220891995096282,"tau-1.8"
1964,0.794480789131236,894.4225,1125.795,47.9839888,0.0157417668492083,"tau-1.8"
1965,0.798933151169774,871.3125,1090.595,43.1423013,0.0179890621980615,"tau-1.8"
1966,0.803905460943063,863.6075,1074.265,83.8705701,0.0170787701205717,"tau-1.8"
1967,0.799061587822353,828.0875,1036.325,33.936247,0.0219422489095029,"tau-1.8"
1968,0.795798562599907,790.3175,993.1125,52.7550358,0.0177935100031945,"tau-1.8"
1969,0.799789225276831,793.055,991.58,62.4170821,0.0206061608206215,"tau-1.8"
1970,0.795387149917628,766.445,963.6125,48.7697621,0.0330233566419459,"tau-1.8"
1971,0.792342689902887,744.505,939.625,38.9880544,0.0368348898124766,"tau-1.8"
1972,0.787727903158096,741.185,940.915,41.386778,0.0494405214133875,"tau-1.8"
1973,0.767532900446019,696.515,907.4725,62.519769,0.0317773215132522,"tau-1.8"
1974,0.754968119859023,659.2325,873.1925,30.116709,0.0495990415596871,"tau-1.8"
1975,0.741120463680317,636.14075,858.35,89.523635,0.0432292270324546,"tau-1.8"
1976,0.715217345906809,599.3575,838.0075,35.044517,0.0538685963845407,"tau-1.8"
1977,0.695115382911813,588.51075,846.6375,70.8319753,0.0665937474643057,"tau-1.8"
1978,0.686757329836244,604.8495,880.7325,9.339036,0.0540562362777491,"tau-1.8"
1979,0.669954140768885,592.02675,883.6825,41.5422961,0.0680919490306308,"tau-1.8"
1980,0.644008366036846,566.56475,879.7475,55.170474,0.0582083860522272,"tau-1.8"
1981,0.621283104257459,518.9205,835.24,71.028929,0.0882303732328685,"tau-1.8"
1982,0.609600540719045,493.79625,810.0325,72.6080253,0.105637263110739,"tau-1.8"
1983,0.601692620176033,495.45025,823.4275,60.319336,0.129569807509556,"tau-1.8"
1984,0.597367937255878,528.018,883.9075,65.3678138,0.144771849549755,"tau-1.8"
1985,0.576674203244603,545.81925,946.495,68.9902225,0.136879643238343,"tau-1.8"
1986,0.550984034114214,533.95725,969.0975,54.524,0.151318352896833,"tau-1.8"
1987,0.534074351671414,534.4215,1000.65,98.9651589,0.161944172491391,"tau-1.8"
1988,0.513774527930529,538.39075,1047.9125,83.694739,0.143400171570092,"tau-1.8"
1989,0.499495825716382,536.2275,1073.5375,74.555854,0.13013917421403,"tau-1.8"
1990,0.493218272655559,567.402,1150.4075,71.72601,0.178027381377863,"tau-1.8"
1991,0.482718093749612,583.74375,1209.285,77.3829095,0.204041122583519,"tau-1.8"
1992,0.46511886750147,575.63925,1237.6175,85.607939,0.234765858860092,"tau-1.8"
1993,0.436758993873804,540.58425,1237.7175,54.752066,0.188729614823001,"tau-1.8"
1994,0.413024870096386,520.6385,1260.55,101.804121,0.186641115874599,"tau-1.8"
1995,0.38636861653649,492.818,1275.5125,38.193903,0.18112753203418,"tau-1.8"
1996,0.378525399565387,478.58575,1264.3425,115.298308,0.199024890240672,"tau-1.8"
1997,0.393565687280897,508.00475,1290.775,45.035155,0.284076501845108,"tau-1.8"
1998,0.378072472289284,499.95075,1322.3675,109.746231,0.266037622363729,"tau-1.8"
1999,0.353651594997647,475.29625,1343.9675,80.104569,0.414521686176403,"tau-1.8"
2000,0.322638859967088,437.70075,1356.6275,117.250287,0.324850965501302,"tau-1.8"
2001,0.299767093966232,409.28925,1365.3575,56.651601,0.280189697632737,"tau-1.8"
2002,0.28581322704963,401.22175,1403.79,95.130884,0.250241166727061,"tau-1.8"
2003,0.270107741263656,394.91575,1462.0675,68.354124,0.305268459020098,"tau-1.8"
2004,0.260491977064367,387.63225,1488.0775,111.455032,0.32620579159702,"tau-1.8"
2005,0.23802243397914,353.9465,1487.03,69.144388,0.3307342094629,"tau-1.8"
2006,0.231889533327982,346.63775,1494.84,78.432298,0.331653385461176,"tau-1.8"
2007,0.225705964103019,343.49175,1521.855,86.559973,0.377156848489495,"tau-1.8"
2008,0.216380991784384,329.4855,1522.71,84.05883,0.491903096170949,"tau-1.8"
2009,0.20449572133763,306.66025,1499.5925,90.972864,0.362316765379962,"tau-1.8"
2010,0.19043127090805,284.3415,1493.145,67.602591,0.284657252581523,"tau-1.8"
2011,0.188660885122879,284.7105,1509.1125,73.390247,0.410114981709846,"tau-1.8"
2012,0.182687091665017,276.82575,1515.3,109.269672,0.353062931287305,"tau-1.8"
2013,0.175032191885462,260.6435,1489.1175,102.722251,0.335158409194496,"tau-1.8"
2014,0.178782457924527,268.091,1499.5375,61.751297,0.410894880379513,"tau-1.8"
2015,0.185080647102143,288.3885,1558.1775,82.863671,0.333691078596986,"tau-1.8"
2016,0.186461032685306,296.632,1590.8525,83.009265,0.462655519397815,"tau-1.8"
2017,0.184411561024923,289.593,1570.3625,87.479307,0.314725128498472,"tau-1.8"
2018,0.184766872934835,286.718,1551.7825,67.458655,0.364756337945653,"tau-1.8"
2019,0.184040997975329,284.5145,1545.93,72.503198,0.256949877408119,"tau-1.8"
2020,0.187579570231391,288.63525,1538.735,81.493618,0.416360124172076,"tau-1.8"
2021,0.194608498867664,294.96275,1515.6725,73.033652,0.41786219416013,"tau-1.8"
2022,0.19739159092544,294.9815,1494.3975,59.255531,0.565532481357304,"tau-1.8"
2023,0.190928247253699,278.392,1458.0975,82.599963,0.531669945041353,"tau-1.8"
2024,0.168891195088729,240.857,1426.1075,70.618506,0.421382514211511,"tau-1.8"
1952,0.992718785649431,1279.2075,1288.59,82.43232,0.0113970964769492,"diagnostic"
1953,0.970127209310252,1280.825,1320.265,68.380895,0.0108730788462706,"diagnostic"
1954,0.95650726335956,1285.6175,1344.075,96.589249,0.00742765942227377,"diagnostic"
1955,0.945397444743166,1291.42,1366.0075,107.0488784,0.0108464259251864,"diagnostic"
1956,0.930928381389111,1291.1325,1386.93,56.46881,0.0147445825589784,"diagnostic"
1957,0.917530865047377,1332.8925,1452.695,43.0730089,0.0211289970457735,"diagnostic"
1958,0.8934497622691,1307.8675,1463.84,89.723684,0.0280299930338656,"diagnostic"
1959,0.862154700592518,1201.5225,1393.6275,42.821349,0.020419106001968,"diagnostic"
1960,0.837247211337865,1087.5925,1299.01,54.317169,0.0242381322333099,"diagnostic"
1961,0.825592877600478,1049.2625,1270.92,55.3850047,0.0203597663694151,"diagnostic"
1962,0.813186881226433,985.0275,1211.3175,59.07401,0.0192645872688557,"diagnostic"
1963,0.801829156601062,930.2,1160.0975,63.332494,0.0231468068164297,"diagnostic"
1964,0.787853216919479,868.295,1102.1025,48.7718412,0.0163634783014817,"diagnostic"
1965,0.792429781000033,846.525,1068.265,41.7403268,0.0187471019809872,"diagnostic"
1966,0.797690797610089,840.11,1053.1775,78.4844424,0.0180802816030405,"diagnostic"
1967,0.792873385203486,806.3225,1016.9625,34.776594,0.0228161443314717,"diagnostic"
1968,0.789533861263289,769.9475,975.1925,51.469701,0.0185642114779342,"diagnostic"
1969,0.7935836237068,772.635,973.6025,55.8557205,0.0218777848796117,"diagnostic"
1970,0.789019425503866,746.655,946.3075,52.355611,0.0333189222529836,"diagnostic"
1971,0.785610476939345,724.3525,922.025,36.8597639,0.0386312801543574,"diagnostic"
1972,0.781162160919167,721.87,924.0975,39.963115,0.0519750027757593,"diagnostic"
1973,0.760694082145569,678.735,892.2575,61.706589,0.0327344648278894,"diagnostic"
1974,0.747739813088462,642.6805,859.4975,28.3493459,0.0512456770837125,"diagnostic"
1975,0.733578194986007,619.89925,845.035,88.200253,0.0456469202381609,"diagnostic"
1976,0.707299877956822,583.8955,825.5275,31.893098,0.0563194389596374,"diagnostic"
1977,0.686876460367863,573.23275,834.55,70.1435976,0.0691659896316577,"diagnostic"
1978,0.678178441872517,588.89625,868.35,9.426178,0.0559461573534831,"diagnostic"
1979,0.660691370919609,575.62075,871.24,37.7960858,0.0714640038050984,"diagnostic"
1980,0.634473224135001,550.718,867.9925,54.8923,0.0605851907694716,"diagnostic"
1981,0.610977156975227,503.2405,823.665,68.414306,0.0895180703784611,"diagnostic"
1982,0.59841792558553,477.9175,798.635,71.999332,0.108998562058342,"diagnostic"
1983,0.590015830777002,478.92175,811.71,60.827005,0.131420193785134,"diagnostic"
1984,0.585393393772353,510.27425,871.6775,59.4597418,0.149423101500825,"diagnostic"
1985,0.56475083385268,527.85425,934.6675,70.3906389,0.138818091540197,"diagnostic"
1986,0.539102818268137,516.67075,958.39,53.649452,0.155666531385061,"diagnostic"
1987,0.522464493958485,517.68525,990.8525,91.1958628,0.16798788622292,"diagnostic"
1988,0.502368194477179,522.21425,1039.505,84.875882,0.146839551483797,"diagnostic"
1989,0.488016118931065,520.141,1065.8275,75.974982,0.133131523137586,"diagnostic"
1990,0.481915058895096,550.58675,1142.4975,71.921575,0.180093957258896,"diagnostic"
1991,0.471830942009709,567.59375,1202.96,70.8973142,0.20813305970467,"diagnostic"
1992,0.454686373029701,561.06025,1233.95,89.759642,0.236250014406091,"diagnostic"
1993,0.426557061408742,527.26825,1236.1025,50.532514,0.194520522608098,"diagnostic"
1994,0.403507598373932,508.20975,1259.48,101.382458,0.191558197415644,"diagnostic"
1995,0.377615517890182,481.67125,1275.56,38.352809,0.187654855284961,"diagnostic"
1996,0.36924345328469,466.33325,1262.9425,113.47534,0.204632987861228,"diagnostic"
1997,0.384320352767339,495.47925,1289.235,44.318744,0.289326956680959,"diagnostic"
1998,0.368505791038453,487.11675,1321.87,110.740917,0.269487378368663,"diagnostic"
1999,0.343750185873606,462.344,1345,74.476699,0.425757016728022,"diagnostic"
2000,0.312775730728972,425.063,1359.0025,118.303816,0.330468449587084,"diagnostic"
2001,0.289565063352168,396.39575,1368.935,54.585515,0.288968332676617,"diagnostic"
2002,0.275380038599197,387.395,1406.765,96.789269,0.256250584194768,"diagnostic"
2003,0.259960987497568,380.82075,1464.915,66.339064,0.315269950005464,"diagnostic"
2004,0.250962382487151,374.53375,1492.39,111.62659,0.335363136961467,"diagnostic"
2005,0.228864776357293,341.74775,1493.23,68.679918,0.341401945211402,"diagnostic"
2006,0.22273458329106,334.79625,1503.1175,79.245503,0.339959192854111,"diagnostic"
2007,0.217198268901065,332.86775,1532.5525,86.220803,0.382735676214902,"diagnostic"
2008,0.208522707861897,320.44675,1536.7475,82.976828,0.505009981100325,"diagnostic"
2009,0.196563529658283,297.8365,1515.2175,90.927777,0.369994470178494,"diagnostic"
2010,0.182814277552845,275.997,1509.7125,66.692475,0.287280245589021,"diagnostic"
2011,0.181754736935161,277.55675,1527.095,72.512588,0.418078443664183,"diagnostic"
2012,0.176271639509127,270.365,1533.7975,107.707758,0.362439682685157,"diagnostic"
2013,0.16830879899882,253.5105,1506.2225,102.06888,0.342029716807126,"diagnostic"
2014,0.171424568159078,259.9855,1516.6175,61.102049,0.420036732179472,"diagnostic"
2015,0.177121215248395,278.90525,1574.6575,81.841036,0.33984614596639,"diagnostic"
2016,0.17808569525043,286.01275,1606.04,82.628868,0.47109338418209,"diagnostic"
2017,0.175712976270673,278.44225,1584.6425,86.341329,0.321885660909899,"diagnostic"
2018,0.175932033998965,275.49725,1565.93,66.52907,0.372755631398652,"diagnostic"
2019,0.17520573345278,273.31525,1559.9675,72.010138,0.26351964755267,"diagnostic"
2020,0.178712793939755,277.377,1552.0825,82.411222,0.421776954979859,"diagnostic"
2021,0.185328213124598,283.169,1527.9325,72.091352,0.425844338318709,"diagnostic"
2022,0.188611504374898,284.43275,1508.035,59.857825,0.571483575871301,"diagnostic"
2023,0.183232559519269,270.23825,1474.8375,81.035793,0.544559808328939,"diagnostic"
2024,0.161670357810229,233.5975,1444.9,69.336489,0.432961850576892,"diagnostic"
1952,0.992516595773723,1236.1025,1245.4225,85.36273,0.0111599363229459,"tau-4"
1953,0.969339271584918,1237.3325,1276.47,69.629224,0.0107041412483236,"tau-4"
1954,0.95539039177669,1241.74,1299.72,102.64653,0.00727706398762408,"tau-4"
1955,0.943993700095786,1246.69,1320.655,104.5273755,0.0108892960167839,"tau-4"
1956,0.929204562397495,1246.435,1341.4,59.0003458,0.0144817027424741,"tau-4"
1957,0.915415666399929,1286.96,1405.875,42.9050482,0.0213255036183393,"tau-4"
1958,0.890382884515749,1258.83,1413.8075,97.467696,0.0275885875643241,"tau-4"
1959,0.85775720038201,1151.88,1342.8975,39.842798,0.0206690398601962,"tau-4"
1960,0.831372360594758,1038.17,1248.7425,67.4471801,0.0227082294504029,"tau-4"
1961,0.819118448942442,998.96,1219.555,43.7354205,0.0210846298081809,"tau-4"
1962,0.806357356175782,937.59,1162.7475,63.749924,0.0186261053620655,"tau-4"
1963,0.794631996157696,885.1525,1113.915,64.349722,0.0230111220118988,"tau-4"
1964,0.780048074082303,825.09,1057.7425,47.3265668,0.0164772394826078,"tau-4"
1965,0.784705107244821,803.95,1024.525,42.7467667,0.0188545144166765,"tau-4"
1966,0.789934603918809,796.9275,1008.8525,89.2291,0.017357103262256,"tau-4"
1967,0.784756058407284,763.8325,973.3375,28.84482,0.0232155632543894,"tau-4"
1968,0.781552696255602,729.81,933.795,51.8142777,0.0185398412334,"tau-4"
1969,0.786323322854659,734.77,934.4375,65.7831587,0.0209739496204546,"tau-4"
1970,0.781848842135379,710.5325,908.785,46.4367691,0.0349219794297396,"tau-4"
1971,0.77908823181616,691.7875,887.945,39.9546602,0.0384830748680105,"tau-4"
1972,0.774602791881731,690.7075,891.6925,40.681772,0.0516779201295713,"tau-4"
1973,0.753374853598924,648.07,860.2225,63.088377,0.0321925126560668,"tau-4"
1974,0.740228760833537,613.026,828.1575,30.651906,0.0514919403004017,"tau-4"
1975,0.726045576078691,591.974,815.34,89.711015,0.044230068515762,"tau-4"
1976,0.698955779932269,556.7375,796.5275,37.160964,0.0552504658218652,"tau-4"
1977,0.678340912333815,546.71225,805.955,70.3994196,0.068343140390658,"tau-4"
1978,0.669824498674056,561.9995,839.025,9.4656356,0.0552126945440719,"tau-4"
1979,0.652818728081747,550.54325,843.3325,46.0853926,0.0682197266653534,"tau-4"
1980,0.626167507712059,526.7415,841.215,53.096845,0.0589291612442021,"tau-4"
1981,0.602902133857603,482.22675,799.8425,71.608117,0.0869671544052333,"tau-4"
1982,0.591367223426355,459.73775,777.415,75.1409488,0.103878853688594,"tau-4"
1983,0.584037861064542,462.466,791.8425,61.110088,0.128201325262583,"tau-4"
1984,0.580321367722226,493.8825,851.05,64.3189466,0.143747188912464,"tau-4"
1985,0.559391669846778,509.38625,910.6075,72.6838889,0.135396191665909,"tau-4"
1986,0.533372295962274,497.379,932.5175,53.360696,0.147060350320011,"tau-4"
1987,0.5162215592165,497.444,963.625,100.840368,0.158769353231002,"tau-4"
1988,0.496214860854305,501.17825,1010.0025,87.116933,0.139356282589382,"tau-4"
1989,0.482130470405971,498.7025,1034.3725,73.309307,0.130653696828472,"tau-4"
1990,0.475931623777385,527.4655,1108.28,70.691454,0.174523423152685,"tau-4"
1991,0.465192980349181,542.28825,1165.7275,90.283659,0.196759730594982,"tau-4"
1992,0.447429450678278,534.32025,1194.2,79.989257,0.226963368170985,"tau-4"
1993,0.419335025093985,501.1085,1195.0075,55.395506,0.186178065077878,"tau-4"
1994,0.39727534342602,484.55475,1219.695,101.418209,0.173928505658567,"tau-4"
1995,0.371147675720321,458.34975,1234.9525,43.235389,0.184903931414054,"tau-4"
1996,0.363686462748302,445.1295,1223.9375,118.144203,0.195808763198573,"tau-4"
1997,0.379659748104998,475.45075,1252.3075,44.457044,0.278207992041451,"tau-4"
1998,0.363113158186497,466.71025,1285.3025,113.033723,0.253913126073032,"tau-4"
1999,0.338337507887038,442.38475,1307.525,90.71894,0.39806950989178,"tau-4"
2000,0.307380250545714,405.901,1320.5175,111.844224,0.313469046834237,"tau-4"
2001,0.284749852478548,378.807,1330.315,61.198083,0.276647424075562,"tau-4"
2002,0.271973356328055,372.1765,1368.43,96.111122,0.244556187230907,"tau-4"
2003,0.256849793206509,366.097,1425.335,71.607324,0.301135647801791,"tau-4"
2004,0.247857249771609,360.16075,1453.0975,114.027084,0.30335577327871,"tau-4"
2005,0.225724274952305,328.62125,1455.8525,74.75601,0.321606805057809,"tau-4"
2006,0.219566604998532,321.62775,1464.83,80.538421,0.328896947996249,"tau-4"
2007,0.214630980612833,320.38825,1492.74,90.125724,0.354243976736459,"tau-4"
2008,0.206150221886823,308.68625,1497.385,86.523784,0.470343163310382,"tau-4"
2009,0.194428203039715,287.64,1479.415,93.218638,0.341084083431623,"tau-4"
2010,0.181671659208951,267.7595,1473.865,68.381558,0.275831704267365,"tau-4"
2011,0.18136882895685,269.94075,1488.3525,76.35096,0.391674934687019,"tau-4"
2012,0.175427502507825,261.883,1492.8275,113.937587,0.339236498498885,"tau-4"
2013,0.166854015047039,244.39775,1464.74,104.777211,0.325638564884903,"tau-4"
2014,0.170105266371753,250.71475,1473.88,63.831999,0.404909646675608,"tau-4"
2015,0.176434205003324,270.06475,1530.6825,85.224818,0.327340774841468,"tau-4"
2016,0.17764014132194,277.4175,1561.6825,84.940662,0.455757221105577,"tau-4"
2017,0.174757930099682,269.461,1541.91,90.503658,0.305638871687323,"tau-4"
2018,0.173982467023103,265.0475,1523.415,70.569317,0.357995146813526,"tau-4"
2019,0.17265586638941,261.96125,1517.245,74.540078,0.253309440613328,"tau-4"
2020,0.176200015562579,266.06775,1510.0325,84.215714,0.406520117286482,"tau-4"
2021,0.182960665932413,272.43575,1489.04,73.815133,0.396695253738616,"tau-4"
2022,0.186279570258338,273.7355,1469.4875,62.996719,0.529886220255964,"tau-4"
2023,0.180873664405674,260.525,1440.37,87.43519,0.527606818980304,"tau-4"
2024,0.159900802168445,225.349,1409.305,71.932211,0.420800368057462,"tau-4"
1952,0.991638476768861,1116.8725,1126.29,83.47059,0.0117418708424974,"tau-8"
1953,0.96583674864866,1115.865,1155.335,67.274733,0.0113207120949592,"tau-8"
1954,0.950384995273851,1118.5675,1176.9625,103.745772,0.00757921854414647,"tau-8"
1955,0.937696748759412,1121.49,1196.005,96.827826,0.0118304288844174,"tau-8"
1956,0.921414631237134,1120.12,1215.6525,60.0754373,0.0151730548098228,"tau-8"
1957,0.906342357657815,1156.9075,1276.4575,43.6542026,0.0227792189964291,"tau-8"
1958,0.879058689135448,1131.1925,1286.8225,101.393364,0.0281474557293087,"tau-8"
1959,0.843613811257556,1035.15,1227.0425,31.148784,0.0227246889128586,"tau-8"
1960,0.814409468779776,931.66,1143.97,78.1241097,0.0216392062500537,"tau-8"
1961,0.800507624447516,893.3525,1115.9825,34.9247573,0.0227968519563461,"tau-8"
1962,0.786850402567423,838.515,1065.66,69.867917,0.0186026774463341,"tau-8"
1963,0.774294019425926,791.795,1022.6025,62.836895,0.0240251012970212,"tau-8"
1964,0.758769473446235,738.37375,973.12,44.4584862,0.0173545754694697,"tau-8"
1965,0.76397157183991,721.023,943.7825,43.3842517,0.0196145059560905,"tau-8"
1966,0.769803314548919,716.14225,930.2925,93.623289,0.0171236957170576,"tau-8"
1967,0.764587872387728,687.82325,899.6,24.6172,0.0244462609162403,"tau-8"
1968,0.761474272633204,658.62575,864.935,53.3850788,0.019002199031438,"tau-8"
1969,0.766804691895947,664.35,866.3875,68.9988564,0.021224338717388,"tau-8"
1970,0.762300954706269,643.16475,843.715,41.1928957,0.0366966433195604,"tau-8"
1971,0.759902314433738,627.7705,826.12,43.897414,0.0393323491358747,"tau-8"
1972,0.75570583262891,628.035,831.0575,45.706143,0.0496836577900725,"tau-8"
1973,0.733754773888116,589.35,803.1975,55.728842,0.0336293236763454,"tau-8"
1974,0.720438371026697,557.785,774.23,34.0037729,0.0520954977649054,"tau-8"
1975,0.70579911610035,538.193,762.53,85.675128,0.0433693568295537,"tau-8"
1976,0.677586489973027,505.55575,746.1125,44.231094,0.055174829866685,"tau-8"
1977,0.655285891126075,493.6285,753.3025,64.3209559,0.0695276516679736,"tau-8"
1978,0.646029697403394,505.557,782.56,12.2780629,0.0570714337642302,"tau-8"
1979,0.628977067046025,495.1905,787.295,52.5738048,0.0683981497948794,"tau-8"
1980,0.601054720166873,472.56575,786.2275,49.878327,0.0595955325482196,"tau-8"
1981,0.576627172538513,432.048,749.2675,72.078478,0.0866722357388603,"tau-8"
1982,0.564905648737756,412.07325,729.455,75.0829611,0.103754125190666,"tau-8"
1983,0.55781176890373,414.27425,742.6775,60.43774,0.129173730367207,"tau-8"
1984,0.555100383982447,442.72725,797.5625,71.28949,0.141595110481842,"tau-8"
1985,0.534762913628223,456.864,854.33,69.2814584,0.13594905222494,"tau-8"
1986,0.509107936516987,446.45075,876.9275,55.722817,0.145011215928124,"tau-8"
1987,0.492484234922365,447.3025,908.2575,109.101583,0.154978747049858,"tau-8"
1988,0.472969897209985,450.9295,953.4,87.024876,0.136141226213716,"tau-8"
1989,0.459406206240993,449.46925,978.37,69.304244,0.135350898028139,"tau-8"
1990,0.453253360939632,475.04125,1048.07,71.962061,0.171296902134514,"tau-8"
1991,0.442207655278905,487.566,1102.5725,96.520308,0.193430414293827,"tau-8"
1992,0.42458001729243,480.01,1130.5525,79.26773,0.21631704675847,"tau-8"
1993,0.397038555199277,450.4055,1134.4125,60.014141,0.182058986834504,"tau-8"
1994,0.376396126145929,436.6515,1160.085,101.11776,0.169590851593601,"tau-8"
1995,0.351091268787227,413.058,1176.4975,51.975163,0.179156403911074,"tau-8"
1996,0.343938413960302,401.48275,1167.31,115.95669,0.193725958185761,"tau-8"
1997,0.36079037965899,431.508,1196.0075,50.453877,0.271642528265012,"tau-8"
1998,0.344397058015239,422.948,1228.0825,110.727391,0.250490267805593,"tau-8"
1999,0.320023458746376,400.39175,1251.1325,104.062703,0.383028372087528,"tau-8"
2000,0.289561856688074,366.55925,1265.91,106.998284,0.305112611257051,"tau-8"
2001,0.268195620529356,342.695,1277.78,68.069243,0.266618660627957,"tau-8"
2002,0.2563750330128,337.3325,1315.7775,95.136932,0.240018304902898,"tau-8"
2003,0.241826764538162,331.8365,1372.2075,77.745165,0.28936176447563,"tau-8"
2004,0.233017997190003,326.3085,1400.3575,116.938884,0.287187537134275,"tau-8"
2005,0.211465146020131,297.22325,1405.5425,80.393265,0.305582893606333,"tau-8"
2006,0.205822321933296,291.27975,1415.2,80.333677,0.321451239454335,"tau-8"
2007,0.201753362429086,291.3485,1444.0825,95.210565,0.334591522703054,"tau-8"
2008,0.193793337853669,280.808,1449.0075,90.555566,0.444150384643457,"tau-8"
2009,0.182783983658074,262.17575,1434.3475,95.13141,0.313815143888271,"tau-8"
2010,0.171398072263056,245.2625,1430.9525,70.265426,0.268032058941896,"tau-8"
2011,0.172625107160485,249.1865,1443.5125,80.661083,0.371081995553527,"tau-8"
2012,0.166591391309757,241.04275,1446.91,118.496216,0.321053989983227,"tau-8"
2013,0.15733202740339,223.2805,1419.1675,106.935344,0.316513284265555,"tau-8"
2014,0.160495060962139,228.8475,1425.885,67.406866,0.397193671276967,"tau-8"
2015,0.166871051559428,246.7735,1478.8275,88.450864,0.320819813380147,"tau-8"
2016,0.16784093150131,253.1935,1508.5325,87.116603,0.444533011230404,"tau-8"
2017,0.164247967138905,244.91425,1491.125,93.615706,0.296460701851783,"tau-8"
2018,0.162654437175483,239.80225,1474.305,76.06411,0.347049796625335,"tau-8"
2019,0.16075823039836,235.98625,1467.9575,77.441887,0.248339599283129,"tau-8"
2020,0.164593744121218,240.60725,1461.825,87.02007,0.395126777977641,"tau-8"
2021,0.171764323265803,248.2265,1445.1575,76.269199,0.38027296743469,"tau-8"
2022,0.175754888120341,251.17175,1429.1025,65.319058,0.500361557812472,"tau-8"
2023,0.170845717133247,239.99125,1404.725,92.615551,0.513910062668118,"tau-8"
2024,0.150773481065184,207.1115,1373.66,73.546902,0.416953453918981,"tau-8"
1952,0.99128470129165,1077.125,1086.595,68.84689,0.0129810428832927,"tau-12"
1953,0.964532393821873,1073.1725,1112.635,54.841565,0.0125972080216416,"tau-12"
1954,0.948867764123966,1074.2725,1132.1625,82.932798,0.00849277898429512,"tau-12"
1955,0.935984603561297,1074.8075,1148.3175,90.340231,0.012246378206362,"tau-12"
1956,0.919053450372413,1071.3475,1165.7075,46.7486233,0.0167214961232845,"tau-12"
1957,0.903975937473272,1109.7525,1227.635,34.5375602,0.0245343142782597,"tau-12"
1958,0.876157444814324,1084.3675,1237.64,70.683779,0.0326197791421654,"tau-12"
1959,0.839931471865157,986.6675,1174.7,37.8818215,0.0235529165989714,"tau-12"
1960,0.809802624932264,881.705,1088.79,44.6643442,0.0288587869018534,"tau-12"
1961,0.795058123740613,841.412,1058.3025,43.6730538,0.0242661312210636,"tau-12"
1962,0.780526870912904,786.2735,1007.3625,49.897917,0.0227792120587198,"tau-12"
1963,0.766950423555894,737.651,961.7975,51.9931034,0.0273118800792806,"tau-12"
1964,0.750469813747022,684.2765,911.7975,40.0092216,0.0190782890273369,"tau-12"
1965,0.756804601599819,669.37475,884.475,32.835293,0.0223077266400541,"tau-12"
1966,0.763743240267558,667.66625,874.2025,72.4343978,0.0206709829472827,"tau-12"
1967,0.757953333807222,639.77325,844.08,23.7614726,0.0270775276208621,"tau-12"
1968,0.755045038388839,613.16075,812.085,41.4803165,0.0219465452001284,"tau-12"
1969,0.760757983332464,620.0615,815.0575,54.9171629,0.0243556247238366,"tau-12"
1970,0.754993397317226,597.46025,791.345,38.6744034,0.0391000155073275,"tau-12"
1971,0.752150086494023,582.6305,774.62,31.3568337,0.0443774660064122,"tau-12"
1972,0.748005938192883,584.47875,781.3825,35.25103,0.0587425627046377,"tau-12"
1973,0.724742421535346,547.61175,755.595,52.864463,0.0357149413601673,"tau-12"
1974,0.711203475643131,519.7475,730.8,24.2637113,0.058453598889464,"tau-12"
1975,0.696487618436998,504.046,723.697,78.083271,0.0510068287905817,"tau-12"
1976,0.667299504220407,472.83575,708.581,27.395553,0.0635078310487651,"tau-12"
1977,0.646189821392891,465.70125,720.688,61.122871,0.0775206408688046,"tau-12"
1978,0.638256264342659,481.16225,753.87,6.7365405,0.062679127618192,"tau-12"
1979,0.619893311015852,470.3425,758.7475,35.1633076,0.0798799985004807,"tau-12"
1980,0.590489727782093,446.58,756.2875,47.614401,0.0688690731375818,"tau-12"
1981,0.564807008515181,404.97425,717.0135,63.428154,0.0961619169982219,"tau-12"
1982,0.552426158561078,385.42925,697.70275,63.5723091,0.116407475288117,"tau-12"
1983,0.546823685010896,391.949,716.774,51.473514,0.142790748962849,"tau-12"
1984,0.545859962662708,424.70225,778.0425,53.3895933,0.161144742077086,"tau-12"
1985,0.524510398704159,438.76475,836.5225,63.4014862,0.14741565142927,"tau-12"
1986,0.497324774320631,426.68725,857.965,49.716589,0.158130176115565,"tau-12"
1987,0.481516864338757,428.928,890.785,84.4584452,0.172653609279496,"tau-12"
1988,0.462613242552829,434.17525,938.5275,76.309369,0.138013298804158,"tau-12"
1989,0.450575399442836,435.48225,966.5025,66.087659,0.136158668389023,"tau-12"
1990,0.448465800434235,467.84625,1043.215,62.571841,0.184000774111794,"tau-12"
1991,0.439574762905332,483.7795,1100.5625,78.451998,0.212905006939287,"tau-12"
1992,0.421323643763913,474.10075,1125.265,69.221801,0.233582328231927,"tau-12"
1993,0.391783958755277,440.564,1124.5075,46.055381,0.193929743020196,"tau-12"
1994,0.371088009342974,427.37,1151.6675,94.484672,0.188820663874467,"tau-12"
1995,0.345210553845362,402.588,1166.21,34.813095,0.208713263552743,"tau-12"
1996,0.339380686967261,392.2825,1155.8775,104.285954,0.217280033049184,"tau-12"
1997,0.35632074654703,421.735,1183.5825,39.4255001,0.297041874381225,"tau-12"
1998,0.339376906425268,413.8905,1219.56,103.74754,0.278589874799626,"tau-12"
1999,0.31374829785565,389.96325,1242.9175,74.870693,0.446701825115631,"tau-12"
2000,0.282994473054902,356.49875,1259.7375,109.819543,0.341146747033146,"tau-12"
2001,0.260836156373528,332.23875,1273.745,50.80077,0.300076550292967,"tau-12"
2002,0.250241167911975,330.22325,1319.62,91.410163,0.25512675273899,"tau-12"
2003,0.237787514086745,329.1645,1384.28,61.977596,0.32575191595858,"tau-12"
2004,0.231347837294791,327.5735,1415.935,103.566389,0.324397197372462,"tau-12"
2005,0.210183161014831,298.5305,1420.335,67.525395,0.350969971381944,"tau-12"
2006,0.205613905092779,294.142,1430.555,73.967766,0.352764784271782,"tau-12"
2007,0.201802507434036,294.36175,1458.6625,82.541157,0.376917264101012,"tau-12"
2008,0.193829615116803,283.93325,1464.86,76.290737,0.501243151263681,"tau-12"
2009,0.182137818249011,263.675,1447.6675,85.797907,0.347415300078617,"tau-12"
2010,0.170369557022656,246.31775,1445.785,60.1622,0.29334306889843,"tau-12"
2011,0.172217933334132,251.523,1460.4925,69.086639,0.40725117715003,"tau-12"
2012,0.166855382765107,244.17575,1463.3975,104.167279,0.35333316543535,"tau-12"
2013,0.158892692313055,227.9125,1434.38,92.462654,0.338050946740137,"tau-12"
2014,0.163332750511124,235.8725,1444.1225,56.335144,0.424834573463563,"tau-12"
2015,0.170182288192128,255.10325,1499,75.657085,0.350588529593807,"tau-12"
2016,0.1707501164981,260.16,1523.63,77.18905,0.488731535551587,"tau-12"
2017,0.165937944643593,248.69825,1498.7425,81.746703,0.327143698021103,"tau-12"
2018,0.16335281331049,241.228,1476.73,63.284258,0.379569343954738,"tau-12"
2019,0.161795276072681,237.816,1469.8575,71.862298,0.263428735089362,"tau-12"
2020,0.166768815488855,244.34675,1465.1825,71.75184,0.434582683011386,"tau-12"
2021,0.1747254754634,253.4725,1450.69,65.581149,0.407499256918266,"tau-12"
2022,0.177937979472815,255.37125,1435.17,57.285133,0.553149406808611,"tau-12"
2023,0.171455144510523,240.80575,1404.4825,76.864677,0.575092736075018,"tau-12"
2024,0.149765314740934,205.24625,1370.4525,62.321388,0.475528627508827,"tau-12"
1952,0.990821488626473,1044.4175,1054.0925,56.2025,0.0152464520032768,"tau-16"
1953,0.962539178771196,1037.225,1077.5925,63.477124,0.014665049374443,"tau-16"
1954,0.945894891684712,1035.2725,1094.49,52.837265,0.0118813245044523,"tau-16"
1955,0.932658977752568,1035.895,1110.69,80.5784708,0.0141409019992776,"tau-16"
1956,0.914876532588602,1036.825,1133.295,40.9938123,0.0186375407504536,"tau-16"
1957,0.899684780817317,1078.1575,1198.3725,30.5345286,0.0272113819717309,"tau-16"
1958,0.871724483694591,1060.625,1216.6975,38.6070303,0.0394589185885726,"tau-16"
1959,0.834641669944713,965.4175,1156.685,50.9375141,0.0249408008550731,"tau-16"
1960,0.803203545322235,859.54225,1070.1425,30.8348353,0.0331779577387052,"tau-16"
1961,0.788684885124639,819.92075,1039.605,41.6642572,0.0268708697988885,"tau-16"
1962,0.774675354113357,768.95825,992.62,36.5198462,0.0272607656055166,"tau-16"
1963,0.760953758216935,720.89525,947.3575,42.5725653,0.0318273716138396,"tau-16"
1964,0.743560698991881,666.76575,896.72,37.6852272,0.0217597915726201,"tau-16"
1965,0.74954372021367,650.72575,868.1625,27.6263952,0.0251391759054771,"tau-16"
1966,0.756899669496091,649.82675,858.5375,44.4041685,0.0256447767746035,"tau-16"
1967,0.750546967967188,621.2615,827.745,35.4623468,0.0294488947433353,"tau-16"
1968,0.746774924186181,593.4695,794.71,33.7315647,0.0248569017097207,"tau-16"
1969,0.752686090225564,600.6435,798,35.9135321,0.0311131011463543,"tau-16"
1970,0.746434719696652,577.761,774.0275,43.7830242,0.0482030242146478,"tau-16"
1971,0.742838531333492,561.6305,756.06,21.3021312,0.055857332598039,"tau-16"
1972,0.739288891495831,567.1695,767.1825,31.6559791,0.0779278799014065,"tau-16"
1973,0.714644832171603,533.39125,746.3725,47.3396979,0.0423831367179273,"tau-16"
1974,0.69954760214651,507.03525,724.8045,16.7377348,0.0820839615369918,"tau-16"
1975,0.683958704071384,493.211,721.11225,71.425801,0.0767091268177497,"tau-16"
1976,0.653056150019431,464.21925,710.84125,18.8514145,0.0750050374482746,"tau-16"
1977,0.630953382215575,459.48975,728.24675,52.4078414,0.107920660882907,"tau-16"
1978,0.621701683537584,475.2025,764.35775,12.9800291,0.0722565791882933,"tau-16"
1979,0.601027003948917,463.146,770.591,19.481913,0.115884909616816,"tau-16"
1980,0.572009116494854,440.7795,770.58125,47.720021,0.0815402936016309,"tau-16"
1981,0.544768153065128,396.9065,728.57875,54.059152,0.117055156401766,"tau-16"
1982,0.53059867298498,376.193,708.99725,54.7135003,0.140841601015562,"tau-16"
1983,0.523938519824295,382.52175,730.089,45.624739,0.167041949095629,"tau-16"
1984,0.522426456716681,415.3865,795.11,31.522007,0.185655021559446,"tau-16"
1985,0.501230057063002,430.40625,858.7,66.2914587,0.175304452951121,"tau-16"
1986,0.473077774875354,416.54025,880.49,47.231781,0.1839005900585,"tau-16"
1987,0.459548256305452,419.93175,913.7925,60.7889915,0.204815591177397,"tau-16"
1988,0.440990103623322,425.8895,965.7575,70.115893,0.158864879994713,"tau-16"
1989,0.428442382259619,425.68,993.5525,64.479491,0.162126050373223,"tau-16"
1990,0.428028088237351,458.9895,1072.335,62.479056,0.199848843157619,"tau-16"
1991,0.421717879557154,478.4305,1134.48,28.9849182,0.274995567673731,"tau-16"
1992,0.404554079696395,472.238,1167.305,86.453551,0.227376234952048,"tau-16"
1993,0.373647257347915,437.31675,1170.4,34.888396,0.220892604148739,"tau-16"
1994,0.357249438616097,426.7675,1194.5925,71.267395,0.222933500364184,"tau-16"
1995,0.334225262534209,403.3255,1206.7475,56.022999,0.254228958233799,"tau-16"
1996,0.32719719148722,390.0485,1192.09,84.853947,0.289892472967175,"tau-16"
1997,0.344686901004216,421.241,1222.0975,41.9679843,0.322922470777708,"tau-16"
1998,0.325458181330049,412.16675,1266.42,96.193294,0.337458056281831,"tau-16"
1999,0.297457475034975,385.37475,1295.5625,42.69426,0.528012928202892,"tau-16"
2000,0.26640124329229,350.1185,1314.2525,104.30666,0.417793495320527,"tau-16"
2001,0.242735018747614,324.33525,1336.17,48.832465,0.349399547094554,"tau-16"
2002,0.23048475185236,319.468,1386.07,87.503949,0.301307144939416,"tau-16"
2003,0.218322847835883,317.353,1453.595,50.131165,0.358059942993766,"tau-16"
2004,0.213959661279979,317.79375,1485.2975,98.803997,0.468676302544989,"tau-16"
2005,0.195289176676446,290.73725,1488.7525,61.033637,0.409818017519906,"tau-16"
2006,0.189079339165265,286.06475,1512.935,70.319585,0.411704813225878,"tau-16"
2007,0.185057461998336,286.94825,1550.59,68.704573,0.437898521535399,"tau-16"
2008,0.178275328112091,278.9015,1564.4425,69.375258,0.619592054441693,"tau-16"
2009,0.16606835612843,256.25925,1543.095,79.52099,0.414186808131448,"tau-16"
2010,0.154429034538231,237.591,1538.5125,52.248466,0.31911844207136,"tau-16"
2011,0.157288326544761,245.01825,1557.765,58.870498,0.47465900871403,"tau-16"
2012,0.153513500501505,239.14525,1557.8125,91.270391,0.420628020757757,"tau-16"
2013,0.146249521465458,222.52925,1521.5725,81.73952,0.385485364105098,"tau-16"
2014,0.150800180138432,231.04925,1532.155,50.443436,0.477424307831356,"tau-16"
2015,0.157006498909494,249.07825,1586.42,63.843944,0.40487895351105,"tau-16"
2016,0.157308658051814,252.47725,1604.98,71.33679,0.575298284275784,"tau-16"
2017,0.152175881216803,239.51875,1573.96,72.195454,0.379744714123876,"tau-16"
2018,0.150269824517237,232.79125,1549.155,51.835065,0.43965998272011,"tau-16"
2019,0.149677230237033,231.05225,1543.67,64.939071,0.293175299421635,"tau-16"
2020,0.154264864451684,237.13325,1537.1825,67.537905,0.486239702601677,"tau-16"
2021,0.161341581956275,244.82375,1517.425,53.885933,0.468910098851957,"tau-16"
2022,0.166001749170308,249.59525,1503.57,56.318458,0.623572528268318,"tau-16"
2023,0.161718009940469,238.57975,1475.2825,64.061682,0.706255303131775,"tau-16"
2024,0.14048374381676,202.70575,1442.9125,54.224685,0.574660389422711,"tau-16"
1952,0.990516547581658,1009.2175,1018.88,65.90463,0.0139570272876901,"tau-20"
1953,0.961458046438109,1003.63,1043.8625,54.195053,0.0133950258006012,"tau-20"
1954,0.944304851710168,1003.4325,1062.615,79.999454,0.00907548271140569,"tau-20"
1955,0.930321672428045,1004.5125,1079.7475,86.4860446,0.0132079421019844,"tau-20"
1956,0.912260055858928,1001.9375,1098.3025,46.8514386,0.0177330428790506,"tau-20"
1957,0.895993067501102,1036.5475,1156.87,35.066312,0.0259837699391084,"tau-20"
1958,0.866443206798649,1013.94,1170.2325,73.444562,0.0337443556181134,"tau-20"
1959,0.828142056944469,925.515,1117.58,33.178395,0.0253684191704221,"tau-20"
1960,0.79701572663174,831.395,1043.135,49.1247149,0.0294081861451368,"tau-20"
1961,0.781699298224922,795.3165,1017.42,38.6486533,0.0257476358082011,"tau-20"
1962,0.765852764031943,741.3225,967.97,49.204733,0.0236112660511945,"tau-20"
1963,0.751850283933107,697.08175,927.155,52.241842,0.0283272632084982,"tau-20"
1964,0.734929491214044,648.0645,881.805,40.1679833,0.0197997561676531,"tau-20"
1965,0.741717515969062,636.03575,857.5175,34.5129344,0.0227883186145771,"tau-20"
1966,0.749357626929033,636.35075,849.195,68.9702304,0.0213782449470092,"tau-20"
1967,0.744381983250822,613.08975,823.6225,25.8785997,0.0278369044326563,"tau-20"
1968,0.741471571906354,588.6135,793.845,41.5300778,0.0226745412677294,"tau-20"
1969,0.747271556867425,594.94025,796.15,52.7855279,0.0254659324497353,"tau-20"
1970,0.741810733067961,574.44525,774.3825,40.1865227,0.0407671807660052,"tau-20"
1971,0.738779468470757,559.9265,757.9075,31.9859971,0.0459882514831155,"tau-20"
1972,0.734769128122608,561.6465,764.385,34.696873,0.0621847995646953,"tau-20"
1973,0.711421955484145,526.904,740.635,53.136621,0.0378084563738559,"tau-20"
1974,0.697393626851048,500.026,716.9925,24.6737056,0.0601933804823589,"tau-20"
1975,0.682364148617714,484.39325,709.875,74.740835,0.0530901106565463,"tau-20"
1976,0.652611603128086,454.458,696.36825,29.808137,0.066207151862831,"tau-20"
1977,0.629687387130905,444.57,706.017,59.1463495,0.0811894291534268,"tau-20"
1978,0.620397293404712,456.6,735.98,7.2737758,0.0652676046428874,"tau-20"
1979,0.601154020163278,445.1275,740.455,35.0379377,0.0819289266284371,"tau-20"
1980,0.570943715615743,421.60625,738.4375,46.963333,0.0705923258404461,"tau-20"
1981,0.54442436491048,381.847,701.3775,61.673109,0.0985722418434118,"tau-20"
1982,0.530996045365625,362.299,682.30075,62.9299952,0.120447206304419,"tau-20"
1983,0.524244349862557,365.8835,697.9255,52.247962,0.146185494355447,"tau-20"
1984,0.523061225165892,394.719,754.6325,55.2698328,0.163285471330932,"tau-20"
1985,0.50265082491997,408.253,812.2,62.6238599,0.152772194564425,"tau-20"
1986,0.47685898260274,398.61,835.9075,48.138039,0.164670695537037,"tau-20"
1987,0.462128031361188,401.989,869.865,83.5539953,0.180487884423503,"tau-20"
1988,0.443876817513478,407.5455,918.15,76.684451,0.142208041535904,"tau-20"
1989,0.431453643022614,408.34175,946.4325,68.1489973,0.141259168289156,"tau-20"
1990,0.428567014632209,436.923,1019.4975,65.361535,0.18622540297221,"tau-20"
1991,0.420086443223469,452.43625,1077.0075,59.6145504,0.219288087216862,"tau-20"
1992,0.403216374929163,446.4825,1107.3025,86.255199,0.21644585937181,"tau-20"
1993,0.374956190801416,417.24375,1112.78,43.283167,0.200668723640449,"tau-20"
1994,0.356548553807498,405.8405,1138.2475,96.227045,0.189502913232375,"tau-20"
1995,0.332320084602332,383.37525,1153.6325,36.439879,0.211575302752559,"tau-20"
1996,0.325731715586236,372.29425,1142.9475,105.245511,0.220207572726851,"tau-20"
1997,0.341567032431531,399.52925,1169.695,41.835502,0.298137289584373,"tau-20"
1998,0.324863648815799,391.334,1204.61,102.722256,0.276178738124905,"tau-20"
1999,0.300458743554633,369.725,1230.535,74.302455,0.438506559524717,"tau-20"
2000,0.270093935062283,337.27575,1248.735,110.2172,0.340164355920383,"tau-20"
2001,0.248411324420632,313.88075,1263.5525,52.393521,0.304458897448944,"tau-20"
2002,0.237813528098322,310.46675,1305.505,91.719018,0.259526851063956,"tau-20"
2003,0.225498605694905,308.49675,1368.065,64.39125,0.33097507466598,"tau-20"
2004,0.218694044705324,306.2575,1400.3925,104.255214,0.317126768493361,"tau-20"
2005,0.197421916903174,277.898,1407.635,68.874218,0.350368163928154,"tau-20"
2006,0.192965536903126,274.1225,1420.5775,74.702997,0.346349868449117,"tau-20"
2007,0.190723834281632,276.962,1452.1625,82.192715,0.370315425796683,"tau-20"
2008,0.183280839131647,267.82325,1461.2725,78.928336,0.498438099195002,"tau-20"
2009,0.171989669532208,248.73275,1446.2075,86.804125,0.340943874488395,"tau-20"
2010,0.161545616417476,233.16525,1443.34,59.507417,0.290080181032797,"tau-20"
2011,0.164667229663178,240.324,1459.4525,69.940891,0.404932397771849,"tau-20"
2012,0.15971435842518,233.7775,1463.7225,104.389501,0.35638531511622,"tau-20"
2013,0.150825454418588,216.1555,1433.15,93.301082,0.343001309418629,"tau-20"
2014,0.154007329135832,221.7925,1440.1425,58.251404,0.428856742960509,"tau-20"
2015,0.159843465672032,238.48725,1492.005,76.935446,0.352752207942373,"tau-20"
2016,0.160095286767009,242.7805,1516.475,78.055494,0.490302183195342,"tau-20"
2017,0.155591470168007,232.498,1494.285,81.526168,0.329798295322806,"tau-20"
2018,0.153485034607206,226.46525,1475.4875,64.335317,0.381179470356256,"tau-20"
2019,0.151635898404338,222.82175,1469.4525,71.670572,0.268044179555755,"tau-20"
2020,0.155898774216358,228.198,1463.7575,76.398039,0.43030183068406,"tau-20"
2021,0.163028060171618,236.0145,1447.6925,66.199491,0.415331678056883,"tau-20"
2022,0.167406449859494,240.227,1434.9925,58.611587,0.548060472665066,"tau-20"
2023,0.162716484528596,229.67025,1411.475,77.31426,0.580287713165846,"tau-20"
2024,0.142133103390807,196.1515,1380.055,62.490029,0.483298370040817,"tau-20"
1952,0.990652364752314,1018.4575,1028.0675,75.12226,0.0133718604303251,"tau-24"
1953,0.961866368473159,1012.8525,1053.0075,62.082602,0.0128705561483813,"tau-24"
1954,0.944727357555257,1012.4525,1071.6875,89.722928,0.00885827238170781,"tau-24"
1955,0.930830184694632,1013.7625,1089.095,97.4356493,0.0128028115062391,"tau-24"
1956,0.912677463241775,1009.6175,1106.215,54.6148134,0.0170841861499668,"tau-24"
1957,0.896317251267434,1043.99,1164.755,38.9781099,0.0251930470947108,"tau-24"
1958,0.866950769622185,1022.265,1179.15,80.675332,0.0330501819947006,"tau-24"
1959,0.828438347636622,931.5375,1124.45,40.697978,0.0245431323803308,"tau-24"
1960,0.796759881238675,833.2475,1045.795,58.2262144,0.0280156192803129,"tau-24"
1961,0.781503776366495,796.48325,1019.1675,40.4053709,0.0252022538677141,"tau-24"
1962,0.765904651965761,743.1075,970.235,57.304086,0.0224803203815485,"tau-24"
1963,0.752043854717798,698.974,929.4325,53.570062,0.0275649573995257,"tau-24"
1964,0.735004231016321,649.2715,883.3575,49.6814895,0.019245121716738,"tau-24"
1965,0.741274805552476,635.2095,856.915,37.0030278,0.0223275178363784,"tau-24"
1966,0.74857490210659,634.2095,847.2225,84.0882338,0.020183245452268,"tau-24"
1967,0.743017896416141,608.96075,819.5775,22.0103165,0.0279044233639185,"tau-24"
1968,0.739831591228287,583.39975,788.5575,44.9909564,0.0220703166371626,"tau-24"
1969,0.746176465948351,591.24225,792.3625,58.5845966,0.0242475679468516,"tau-24"
1970,0.740408106292017,570.21975,770.1425,47.7821363,0.0378105361006519,"tau-24"
1971,0.737366150336096,555.88375,753.8775,36.787324,0.0437030472091572,"tau-24"
1972,0.733498084643035,559.11625,762.26,38.648127,0.0581445394456863,"tau-24"
1973,0.709952100920042,523.95175,738.01,58.620911,0.033260012827963,"tau-24"
1974,0.695436383345202,495.601,712.6475,27.292825,0.05228683640618,"tau-24"
1975,0.680380202259378,479.86025,705.2825,85.65804,0.0488141618631628,"tau-24"
1976,0.651051749359439,450.06475,691.28875,35.502923,0.0610377380331617,"tau-24"
1977,0.628779493300052,440.9585,701.29275,65.5543701,0.0760677625546776,"tau-24"
1978,0.61983877793401,454.0505,732.53,9.355171,0.0625732625285759,"tau-24"
1979,0.601253145564711,443.8105,738.1425,45.193001,0.075581543569768,"tau-24"
1980,0.57212706237663,422.44575,738.3775,47.495758,0.0654824810885715,"tau-24"
1981,0.545697837526079,383.19175,702.205,68.137832,0.088488074668667,"tau-24"
1982,0.532608814792893,364.43625,684.2475,80.2556713,0.108231005740783,"tau-24"
1983,0.525793826192343,368.7655,701.35,57.080792,0.133113023551792,"tau-24"
1984,0.523695178071558,398.0175,760.0175,55.3294602,0.15268438171186,"tau-24"
1985,0.502774894999023,411.79275,819.04,78.8644845,0.135033034566224,"tau-24"
1986,0.475875883599328,400.8945,842.435,54.468972,0.151901963771333,"tau-24"
1987,0.460641316199599,403.455,875.855,85.474604,0.167864706932559,"tau-24"
1988,0.441997471008462,408.967,925.27,98.195045,0.134254096312078,"tau-24"
1989,0.428638752802676,408.15625,952.215,70.1313635,0.13945544346798,"tau-24"
1990,0.425047733075181,435.77275,1025.2325,70.22014,0.178021963102216,"tau-24"
1991,0.415548516333844,449.637,1082.0325,95.424961,0.199542224880254,"tau-24"
1992,0.398556626468137,443.6005,1113.0175,80.6837361,0.223827730403743,"tau-24"
1993,0.370571713530509,414.2825,1117.955,56.006835,0.192396772013921,"tau-24"
1994,0.352176544481189,404.41225,1148.3225,97.673753,0.180286816338709,"tau-24"
1995,0.327680424626813,382.44975,1167.1425,46.8396405,0.197901096651013,"tau-24"
1996,0.320469887877982,370.64025,1156.5525,120.408776,0.198817146820352,"tau-24"
1997,0.336967081891872,398.86625,1183.695,45.053867,0.285979521869199,"tau-24"
1998,0.320199293187707,390.50225,1219.56,119.387166,0.246355342894848,"tau-24"
1999,0.295566182571782,368.673,1247.345,93.728823,0.412944223178377,"tau-24"
2000,0.265740651108394,336.2835,1265.4575,117.234834,0.311516543681176,"tau-24"
2001,0.244046705041915,313.0985,1282.945,65.005002,0.28537146433145,"tau-24"
2002,0.233733597074957,309.88225,1325.7925,99.291035,0.245609173973164,"tau-24"
2003,0.222142860999088,308.60475,1389.2175,77.317491,0.30236042849364,"tau-24"
2004,0.215771110173662,306.89125,1422.3,116.565896,0.300594832742017,"tau-24"
2005,0.194485918090181,278.17175,1430.2925,81.838561,0.321363537790727,"tau-24"
2006,0.189412160078716,273.353,1443.165,84.604063,0.326597767209865,"tau-24"
2007,0.187124507905721,275.92725,1474.565,94.494809,0.343994739512755,"tau-24"
2008,0.180237736452642,267.62375,1484.8375,92.951884,0.456735051489106,"tau-24"
2009,0.168992923558808,248.72125,1471.785,98.530102,0.324959358937955,"tau-24"
2010,0.158619005645949,233.04225,1469.195,68.891101,0.268870914302974,"tau-24"
2011,0.161967413174921,240.88725,1487.2575,81.525252,0.369493567364668,"tau-24"
2012,0.157066709523618,234.554,1493.34,119.04136,0.330464333159816,"tau-24"
2013,0.1480533561351,216.4355,1461.875,108.850053,0.323193102668441,"tau-24"
2014,0.151087816758658,221.93025,1468.8825,67.010584,0.408977739227797,"tau-24"
2015,0.15694308515879,238.938,1522.45,89.736243,0.328157771921986,"tau-24"
2016,0.157424213106295,244.0705,1550.4,87.479357,0.461198305102337,"tau-24"
2017,0.152816415435585,233.6265,1528.805,94.729026,0.305252667193718,"tau-24"
2018,0.150439670516164,227.1545,1509.9375,77.030261,0.355817047138292,"tau-24"
2019,0.14832438061555,222.90225,1502.8025,78.711624,0.255667300245284,"tau-24"
2020,0.15233484755802,227.86475,1495.815,89.619378,0.403066007704329,"tau-24"
2021,0.159214267952086,235.296,1477.8575,77.328135,0.391303034757428,"tau-24"
2022,0.163946154489887,239.98725,1463.8175,66.884632,0.500445516352108,"tau-24"
2023,0.159616569940579,230.47675,1443.94,94.33785,0.539665460761614,"tau-24"
2024,0.139600002828584,197.41325,1414.135,71.464856,0.437143596975336,"tau-24"
1952,0.990182964155349,982.665,992.4075,61.42614,0.0149066641908711,"tau-28"
1953,0.960059557502523,975.2525,1015.825,66.956226,0.0144745295336702,"tau-28"
1954,0.942281252118008,973.1975,1032.81,68.662096,0.0115695578665612,"tau-28"
1955,0.927791476713402,970.7575,1046.31,74.682797,0.0143380963845102,"tau-28"
1956,0.909136269826954,970.2325,1067.2025,43.2907553,0.018842431703762,"tau-28"
1957,0.892712649389135,1006.1675,1127.09,32.2723382,0.0273521601689297,"tau-28"
1958,0.862615047288101,985.5075,1142.465,62.9157525,0.0367224733756279,"tau-28"
1959,0.823234884452022,896.9,1089.4825,35.9585248,0.0264997994540655,"tau-28"
1960,0.79142863473104,803.7215,1015.5325,38.5866048,0.0329202679613153,"tau-28"
1961,0.775751155332205,767.97425,989.975,43.3237087,0.0266701290717495,"tau-28"
1962,0.759396478661817,714.575,940.9775,43.299568,0.0259630988882304,"tau-28"
1963,0.74494615829129,670.34725,899.86,47.781127,0.030394675668514,"tau-28"
1964,0.727485058654285,622.007,855.01,40.3726942,0.0210128873665043,"tau-28"
1965,0.734573253466592,610.4065,830.9675,31.2881911,0.0244580829164037,"tau-28"
1966,0.742685529531414,611.59225,823.4875,62.6146196,0.0232588057277447,"tau-28"
1967,0.737180435573053,587.953,797.57,25.1801596,0.0295751251285131,"tau-28"
1968,0.734183353226032,564.37225,768.7075,38.8946363,0.0242528649089094,"tau-28"
1969,0.740268947862999,571.136,771.525,43.9147083,0.0280537258355089,"tau-28"
1970,0.734128175365567,550.24375,749.52,43.5446743,0.0418409960644344,"tau-28"
1971,0.730424497709569,534.95925,732.395,27.9635987,0.0494522922850239,"tau-28"
1972,0.726835472074917,538.6505,741.09,32.741429,0.0673055868019145,"tau-28"
1973,0.702643536591306,504.881,718.545,50.899628,0.0387423303007661,"tau-28"
1974,0.688069319842277,479.48575,696.85675,22.2351294,0.0621689930166164,"tau-28"
1975,0.67285017720882,465.31425,691.557,73.146357,0.0583472236495602,"tau-28"
1976,0.642690843505047,436.15475,678.6385,23.934067,0.0706501381452622,"tau-28"
1977,0.620259608227058,428.2905,690.502,57.9340622,0.0856971315173801,"tau-28"
1978,0.611337076295091,441.58925,722.3335,7.910325,0.0688540795096756,"tau-28"
1979,0.59145082110049,430.199,727.36225,28.3355998,0.0901760866529185,"tau-28"
1980,0.561147963662275,407.5295,726.2425,47.519124,0.0752957384991273,"tau-28"
1981,0.533458185983238,367.23875,688.4115,58.392621,0.102418165895019,"tau-28"
1982,0.519083382510094,347.6705,669.77775,61.691233,0.126715644004514,"tau-28"
1983,0.512576893930445,352.57025,687.83875,51.882718,0.150926893795716,"tau-28"
1984,0.511495693920672,382.48625,747.78,44.9719963,0.173962725246688,"tau-28"
1985,0.490687439022502,396.0645,807.1625,65.806685,0.155138391074001,"tau-28"
1986,0.463995141223233,385.805,831.485,46.7389,0.172877504449408,"tau-28"
1987,0.449566966514578,389.4475,866.2725,71.959553,0.191349648304121,"tau-28"
1988,0.431410912086323,395.41075,916.5525,78.143291,0.144654004093003,"tau-28"
1989,0.418897304728292,396.125,945.6375,67.3209771,0.147789133823723,"tau-28"
1990,0.417701096545429,426.73075,1021.6175,65.200382,0.190169915545197,"tau-28"
1991,0.410138403344247,443.46625,1081.26,51.4906595,0.232939703465633,"tau-28"
1992,0.393155861907717,437.19325,1112.01,87.701791,0.222521986420663,"tau-28"
1993,0.364176501665532,406.69775,1116.76,39.233239,0.210821756380957,"tau-28"
1994,0.346383962451911,395.94025,1143.0675,92.261826,0.198468335722975,"tau-28"
1995,0.322387950258585,373.7105,1159.195,38.092798,0.226616030459424,"tau-28"
1996,0.315484361751519,361.844,1146.9475,100.16836,0.2332695395123,"tau-28"
1997,0.331589909151699,389.265,1173.935,40.894545,0.308717617885138,"tau-28"
1998,0.314260818274438,380.94225,1212.185,103.480581,0.282338075123693,"tau-28"
1999,0.288855251090933,358.278,1240.3375,65.409828,0.47728081274965,"tau-28"
2000,0.25908901450495,326.34075,1259.57,112.110532,0.356404066314542,"tau-28"
2001,0.236965254636922,302.75925,1277.6525,48.549578,0.321248217026508,"tau-28"
2002,0.226518856133011,299.93475,1324.105,92.628854,0.270243945582263,"tau-28"
2003,0.215150883035751,299.10975,1390.2325,60.339706,0.347012849444759,"tau-28"
2004,0.209656135965921,298.619,1424.3275,103.323975,0.347139695061534,"tau-28"
2005,0.189300815279063,271.0835,1432.025,67.118483,0.370197853402966,"tau-28"
2006,0.184910200535152,267.61175,1447.2525,75.500662,0.363771573266595,"tau-28"
2007,0.18272204276473,270.52775,1480.5425,79.018312,0.388924909194862,"tau-28"
2008,0.175847534968929,262.5285,1492.9325,78.514947,0.531422935717413,"tau-28"
2009,0.1642178254344,242.6265,1477.4675,85.039197,0.366696434162188,"tau-28"
2010,0.153747420644004,226.6925,1474.4475,58.384987,0.300088323466482,"tau-28"
2011,0.157363648381585,235.09775,1493.9775,67.786953,0.421900407413621,"tau-28"
2012,0.152992122702455,229.42125,1499.5625,101.714288,0.375058463897802,"tau-28"
2013,0.14455446387812,212.15825,1467.67,91.947934,0.355557529715681,"tau-28"
2014,0.147849183770236,218.26975,1476.3,56.205898,0.445007407497212,"tau-28"
2015,0.153629087605315,235.04175,1529.93,75.193998,0.3659133820827,"tau-28"
2016,0.15390013742851,239.08925,1553.535,76.879989,0.511350855727003,"tau-28"
2017,0.149229081013544,228.12575,1528.695,80.286262,0.34293533792802,"tau-28"
2018,0.147134796279791,222.0345,1509.055,62.170051,0.397075452426015,"tau-28"
2019,0.145797977681667,219.20325,1503.4725,70.499347,0.280191489453835,"tau-28"
2020,0.150369872001416,225.1755,1497.4775,75.588929,0.448709766109594,"tau-28"
2021,0.15714449835782,232.533,1479.74,64.605724,0.430828165110975,"tau-28"
2022,0.161423757816641,236.78,1466.8225,58.106084,0.567236180639162,"tau-28"
2023,0.156965217647354,226.553,1443.3325,74.730591,0.611514278881383,"tau-28"
2024,0.136158077073549,192.2855,1412.2225,60.070928,0.512005984082503,"tau-28"
1952,0.990032136270047,968.89,978.645,60.92372,0.0150664666554747,"tau-32"
1953,0.959486639449807,961.2425,1001.83,52.448847,0.0143281657306208,"tau-32"
1954,0.941533805673477,959.7925,1019.3925,72.028497,0.00982554385191957,"tau-32"
1955,0.927103294838512,961.5475,1037.1525,86.0531039,0.0137992517210995,"tau-32"
1956,0.908371808237767,960.61,1057.5075,43.6514853,0.018979078995821,"tau-32"
1957,0.891822641137875,996.3175,1117.17,32.4843096,0.0274656731485721,"tau-32"
1958,0.861566464423607,976.2625,1133.125,63.9595557,0.0369297939294592,"tau-32"
1959,0.82190371849633,888.9875,1081.62,35.1012321,0.026685490893431,"tau-32"
1960,0.789915016971829,797.044,1009.025,38.6294565,0.0330455129067126,"tau-32"
1961,0.774253366423907,761.995,984.1675,43.2073602,0.0268048248061573,"tau-32"
1962,0.757821477510397,709.26975,935.9325,43.637005,0.0260942062229419,"tau-32"
1963,0.743204021784667,665.2605,895.125,48.1449732,0.0305665019597608,"tau-32"
1964,0.725590827731944,617.193,850.6075,39.5891867,0.0211005253297143,"tau-32"
1965,0.732551204345564,605.5195,826.59,31.0703528,0.0246204447852098,"tau-32"
1966,0.740624179554655,606.50825,818.915,63.5875302,0.0233274750600701,"tau-32"
1967,0.73505954369795,582.98675,793.115,24.3764474,0.0298999883169387,"tau-32"
1968,0.731935191635352,559.49675,764.4075,38.87267,0.0244019093814985,"tau-32"
1969,0.737930629693517,565.7585,766.6825,44.4840741,0.028079426863996,"tau-32"
1970,0.731733225898508,544.876,744.6375,42.7565216,0.0431637643781291,"tau-32"
1971,0.728099710089172,529.91825,727.81,28.220605,0.0505282328024274,"tau-32"
1972,0.724534649633525,533.55275,736.4075,33.046435,0.0685327214117899,"tau-32"
1973,0.70018334371348,500.2845,714.505,51.003388,0.0397558553234221,"tau-32"
1974,0.685591264860408,475.613,693.72675,22.6242856,0.0649695141671579,"tau-32"
1975,0.67036515477612,461.75925,688.8175,73.27819,0.0598873082743486,"tau-32"
1976,0.639941215616681,432.72825,676.2,23.966953,0.0719187876152684,"tau-32"
1977,0.617265692287805,424.99175,688.507,58.5595609,0.0877821425641041,"tau-32"
1978,0.608193424650685,437.9315,720.053,7.0334461,0.0697427570326611,"tau-32"
1979,0.588172011886843,426.7235,725.508,29.0712255,0.0918125921176435,"tau-32"
1980,0.557624163649339,403.958,724.427,47.550364,0.0761414999653426,"tau-32"
1981,0.529856420563595,363.93175,686.84975,58.708097,0.104452198550188,"tau-32"
1982,0.515491121321247,344.55375,668.399,61.0367184,0.127639494073992,"tau-32"
1983,0.508965797695457,349.191,686.0795,51.544989,0.152554100668362,"tau-32"
1984,0.507828451989566,378.287,744.911,45.9963096,0.174366989028227,"tau-32"
1985,0.487033902524021,391.322,803.48,63.8970812,0.15846852055426,"tau-32"
1986,0.460464252272933,381.11475,827.675,47.7968707,0.172959649453121,"tau-32"
1987,0.446303945183085,384.9405,862.5075,74.0536854,0.191166516626554,"tau-32"
1988,0.428415691302823,390.92075,912.48,76.61071,0.14640267432503,"tau-32"
1989,0.416243445941461,391.97125,941.6875,67.4290382,0.1481996383377,"tau-32"
1990,0.41505492911698,422.10775,1016.9925,63.996528,0.192904114862779,"tau-32"
1991,0.40769732671727,438.9565,1076.6725,58.561981,0.234057303979321,"tau-32"
1992,0.39097029747664,433.05825,1107.65,83.736242,0.229543603664852,"tau-32"
1993,0.362192755933802,403.23825,1113.325,39.764264,0.210852704941293,"tau-32"
1994,0.344078035232816,392.73325,1141.4075,91.761822,0.201677982180319,"tau-32"
1995,0.320015724527022,370.395,1157.4275,37.536551,0.231157628822153,"tau-32"
1996,0.313279937513364,358.97025,1145.845,100.721262,0.234052992083628,"tau-32"
1997,0.329002258337616,385.69675,1172.3225,41.2036903,0.308419151054624,"tau-32"
1998,0.311755241144273,377.34075,1210.375,103.650745,0.28486190544203,"tau-32"
1999,0.286730018597682,354.98825,1238.0575,67.325304,0.4763340338945,"tau-32"
2000,0.257235298795277,323.48625,1257.55,110.630485,0.358079678012127,"tau-32"
2001,0.23525108068105,300.001,1275.2375,48.37734,0.322956816294571,"tau-32"
2002,0.224967071149028,297.18825,1321.03,92.863827,0.270111591248021,"tau-32"
2003,0.213436363800399,295.71875,1385.5125,61.521647,0.349379304015579,"tau-32"
2004,0.207970357113289,295.15725,1419.2275,102.173622,0.342456272090621,"tau-32"
2005,0.187708256720077,267.977,1427.625,67.665579,0.375310670841862,"tau-32"
2006,0.183608875089662,264.932,1442.915,75.431119,0.364551614525045,"tau-32"
2007,0.181459570084845,267.769,1475.64,79.045167,0.390170413036914,"tau-32"
2008,0.17452362715258,259.74875,1488.33,77.29424,0.535467959225233,"tau-32"
2009,0.162870834344398,239.95475,1473.2825,86.253133,0.361845427806035,"tau-32"
2010,0.152331645853662,224.02425,1470.635,58.440258,0.300913600195362,"tau-32"
2011,0.156133430245733,232.53225,1489.3175,67.729115,0.422978482655329,"tau-32"
2012,0.151671122323678,226.6505,1494.355,101.794522,0.374050462649887,"tau-32"
2013,0.14310989335936,209.31575,1462.6225,91.876714,0.354875095682754,"tau-32"
2014,0.146323374424598,215.19925,1470.71,56.061709,0.444513188835647,"tau-32"
2015,0.152017625916991,231.57225,1523.325,75.338994,0.363731792862319,"tau-32"
2016,0.152246907673109,235.4605,1546.57,76.811247,0.507389307226511,"tau-32"
2017,0.147644488971373,224.74075,1522.175,80.057468,0.342771925470639,"tau-32"
2018,0.14573811215398,218.97625,1502.5325,61.783259,0.397829334952729,"tau-32"
2019,0.144445483729802,216.1995,1496.755,70.49365,0.279011701543446,"tau-32"
2020,0.148830300966656,221.82375,1490.4475,76.013426,0.44647619144539,"tau-32"
2021,0.155490908597159,229.0315,1472.9575,64.549658,0.42571582855314,"tau-32"
2022,0.159797001761555,233.36075,1460.3575,57.605424,0.56570864610143,"tau-32"
2023,0.155696455716457,223.79575,1437.385,75.013726,0.607675014599597,"tau-32"
2024,0.135230479523304,190.12425,1405.9275,60.14017,0.505274335645291,"tau-32"
