case,source_model_id,original_PDH_indicator,kind,parts,rows,original_final_PAR_sha256,archive_bytes,archive_sha256,url
caal-0.5-sub-basin,caal-0.5-sub-basin,TRUE,native_parts,1,1997,911069931d3fdf91cb93331301bbb9aa70dff1ccc466f46a3e2824c8aa68aff0,30820256,518ad7d3f759c2e447c833d766b754fac01eae7a4be603c3fc0549041a11e5b5,https://github.com/PacificCommunity/ofp-sam-bet-2026-sensitivity/releases/download/bet2026-hessians-20261006/caal-0.5-sub-basin.tar.gz
lorenzen-m-scalar-0.062,lorenzen-m-scalar-0.062,TRUE,native_parts,1,1997,b92808bba429d7819b46efc57454d1a492a2c28a01f57a2d40b37fb6c368db2e,30816797,f57692d322d9b43e0cdc276f15d8ab6a3876bc26b6f9169d96fb245b2bf9df22,https://github.com/PacificCommunity/ofp-sam-bet-2026-sensitivity/releases/download/bet2026-hessians-20261006/lorenzen-m-scalar-0.062.tar.gz
lorenzen-m-scalar-0.1,lorenzen-m-scalar-0.1,TRUE,native_parts,1,1997,9827672c1ebb98230dcad5bc43c0769533fd266558f84be8e79913a64f831a95,30785479,d2d38eb48fed941e4c687e6198211d2eb699df0f565f1eee79c0eeec725ef776,https://github.com/PacificCommunity/ofp-sam-bet-2026-sensitivity/releases/download/bet2026-hessians-20261006/lorenzen-m-scalar-0.1.tar.gz
pre-mixing-tag-reporting-inclusion,pre-mixing-tag-reporting-inclusion,TRUE,native_parts,1,1997,f1c8178610067686447e7a3827e95ceed01607e5570514d14c4cdcf01671c247,30830889,952b3ee179990c6fc787fef5a891562cf10049a5e6e1de9ffdbadd4c8b07db01,https://github.com/PacificCommunity/ofp-sam-bet-2026-sensitivity/releases/download/bet2026-hessians-20261006/pre-mixing-tag-reporting-inclusion.tar.gz
steepness-0.65,steepness-0.65,TRUE,native_parts,1,1997,e0281de31c1832e8d97f923eb38515a21ca0ba49ded0544865bd84a5323f64d4,30814160,da89dc7cdde6b6ce56b95187a5c301f1c08e3130ee2a1cddb2b03f80e47e95eb,https://github.com/PacificCommunity/ofp-sam-bet-2026-sensitivity/releases/download/bet2026-hessians-20261006/steepness-0.65.tar.gz
steepness-0.80,steepness-0.80,TRUE,native_parts,1,1997,7db4decd97101bfcf85e1ec0c7e2633329a1245409a1ff5f1d6799074ef20775,30814549,0196a266057db71096c5eff7eeb1bf711d6e6ab05a7c3ace5a2d6578f0316a65,https://github.com/PacificCommunity/ofp-sam-bet-2026-sensitivity/releases/download/bet2026-hessians-20261006/steepness-0.80.tar.gz
steepness-0.95,steepness-0.95,TRUE,native_parts,1,1997,a50577dddfdbc924147785d39b5c8f7e9b8fc8c1da6f999a475da9f521086206,30813749,e0fd055b04059be4f665c2b440f40d93ec39cc435ba7d5ca3fef355acf032adf,https://github.com/PacificCommunity/ofp-sam-bet-2026-sensitivity/releases/download/bet2026-hessians-20261006/steepness-0.95.tar.gz
tag-mixing-k-0.1,tag-mixing-k-0.1,TRUE,native_parts,1,1997,3958b20a9a5e70feecc2ca4d3a81c9b2b831648d967d18bccb9895305047291f,30823278,8e9ead99a1a976a7409bdf57121a72d299526be2b502b4960ecbd73233b0cdb1,https://github.com/PacificCommunity/ofp-sam-bet-2026-sensitivity/releases/download/bet2026-hessians-20261006/tag-mixing-k-0.1.tar.gz
tag-mixing-k-0.3,tag-mixing-k-0.3,TRUE,native_parts,1,1997,c044c7d5655139b293e97142ee23f45d3d7a3bcda767c13abeb245dd083856f4,30810287,7076553d157665ce6d1f7ce990c16ce6f6d4af62fd659c919a2a76fea4dbfe7b,https://github.com/PacificCommunity/ofp-sam-bet-2026-sensitivity/releases/download/bet2026-hessians-20261006/tag-mixing-k-0.3.tar.gz
tau-1.006738,tau-1.006738,TRUE,native_parts,1,1997,2499cc3b9609cf9d1533f6640d1118fddfd40e0fff712efe312c3d18d6284336,30784388,1930c0c61cfc848ad01a1caa6442099ceef25578d6c19b45effee7a94c7c0cb9,https://github.com/PacificCommunity/ofp-sam-bet-2026-sensitivity/releases/download/bet2026-hessians-20261006/tau-1.006738.tar.gz
tau-1.2,tau-1.2,TRUE,native_parts,1,1997,223c7116d4425f1a8228ca55369690c7eb84075ce999bfe90d9c719d67f27040,30797807,623e5104b222ad8d43ecac109b929dc57b4c5cbd981d04b3c97eeec45ffa7e87,https://github.com/PacificCommunity/ofp-sam-bet-2026-sensitivity/releases/download/bet2026-hessians-20261006/tau-1.2.tar.gz
tau-1.4,tau-1.4,TRUE,native_parts,1,1997,16d3f8beec7088c2a225a62a8f273d5b1550971bb976e0e95dbee3c2a7df7fbd,30818592,b4e5732d9189b5b227d3dc54e9451d8f1a15185804f04e416ad6a721dc1deab2,https://github.com/PacificCommunity/ofp-sam-bet-2026-sensitivity/releases/download/bet2026-hessians-20261006/tau-1.4.tar.gz
tau-1.6,tau-1.6,TRUE,native_parts,1,1997,9f33967e3a1144c09df059ec09f4f96a96d37b5603c30e865d76d3fb9704a3c7,30813093,759154bf44b6bef0501a2a08103e6ed79ca4ca1aeaa2a588d69b5726df1135f8,https://github.com/PacificCommunity/ofp-sam-bet-2026-sensitivity/releases/download/bet2026-hessians-20261006/tau-1.6.tar.gz
tau-1.8,tau-1.8,TRUE,native_parts,1,1997,0d7929f1d846e08f44fbcc0fba6da3df3c29b71c08166b3efea7b89cf37df8f1,30811939,ad8b1c420534b306216b9873ce716a127f0cbd2932c4e176d5e6be663d5bdc1d,https://github.com/PacificCommunity/ofp-sam-bet-2026-sensitivity/releases/download/bet2026-hessians-20261006/tau-1.8.tar.gz
