"file","bytes"
"bet-2026-sensitivity-interactive-viewer.html",721729
"bet-2026-sensitivity-report.html",4693208
"figures/sensitivity-conditional-age-at-length.pdf",28455
"figures/sensitivity-conditional-age-at-length.png",444417
"figures/sensitivity-effort-creep.pdf",26745
"figures/sensitivity-effort-creep.png",353418
"figures/sensitivity-natural-mortality.pdf",28283
"figures/sensitivity-natural-mortality.png",489937
"figures/sensitivity-pre-mixing-tag-reporting.pdf",27318
"figures/sensitivity-pre-mixing-tag-reporting.png",344458
"figures/sensitivity-regional-scaling.pdf",29873
"figures/sensitivity-regional-scaling.png",420055
"figures/sensitivity-steepness.pdf",28511
"figures/sensitivity-steepness.png",322305
"figures/sensitivity-tag-mixing-periods-ks-d-statistic-cutoff.pdf",28252
"figures/sensitivity-tag-mixing-periods-ks-d-statistic-cutoff.png",437998
"figures/sensitivity-tag-overdispersion.pdf",35101
"figures/sensitivity-tag-overdispersion.png",629807
"report-manifest.csv",1179
"tables/sensitivity-design-summary.csv",1090
"tables/sensitivity-design-summary.tex",1756
"tables/sensitivity-fit-diagnostics.csv",1347
"tables/sensitivity-fit-diagnostics.tex",2143
